id,video_description,create_time,region_code,share_count,view_count,like_count,comment_count,music_id,hashtag_names,username,effect_ids,playlist_id,voice_to_text
7458306534058085654,Hilf mir Plakatieren!  Samstag 09:30 Uhr und wenn du dich meldest einfach nach Absprache wahlkampf@holger-mann.de  Ich freue mich auf Dich! ü§ùüèΩ #wahlkampf #btw25 #spd #fyp #aufruf #hilfe #engagement #plakate #wahlplakate #sozial #politik,2025-01-10 15:18:37,DE,0,978,45,17,7458306515687033622,"['engagement', 'fyp', 'spd', 'hilfe', 'sozial', 'aufruf', 'politik', 'plakate', 'wahlkampf', 'btw25', 'wahlplakate']",holgermannle,,,"die Plakate kommen nicht von ungef√§hr an die Laterne, sondern die h√§ngen Menschen, wie du und ich. ich geh los am Samstag AB 9 Uhr 30 und wenn du dabei sein willst, mich unterst√ºtzen, dann schreib uns einfach ne Mail an wahlkampf@holger-mann.de oder in den sozialen Medien ne Nachricht. wir melden uns bei dir! vielen Dank schon mal!"
7457964665100848406,Antwort auf @Simon Soziale Politik f√ºr Dich! F√ºr Jedermann sozusagen ü§ùüèΩ #qna #frage #antwort #rentner #studenten #spd #news #erfolg #politik #leipzig #holgermann #fyp ,2025-01-09 17:11:57,DE,2,886,61,21,7457964658128964374,"['news', 'fyp', 'qna', 'spd', 'frage', 'leipzig', 'erfolg', 'antwort', 'rentner', 'studenten', 'politik', 'holgermann']",holgermannle,,,"Simon sagt, bl√∂d nur, dass die SPD nur Politik f√ºr Rentner macht. ich sage, wieso nur f√ºr Rentner? 1tens hoffe ich, dass ihr alle irgendwann mal Rente bekommt und 2tens stimmt das ja gar nicht. ich Mach Bildungspolitik zum Beispiel. wir haben in dieser Legislatur allein 3 bauf√∂rgereformen auf dem Weg gebracht, mit mehr Unterst√ºtzung f√ºr Auszubildende, Sch√ºlerinnen und Studierende. und wir machen in vielen Bereichen mehr Erh√∂hung des Kindergeldes, st√§rkere Unterst√ºtzung f√ºr Familie. im Feld √§h, der arbeitsmarktpolitik war nat√ºrlich, dass wir den Mindestlohn noch mal erh√∂hen konnten, damit Menschen, die Vollzeit arbeiten gehen, auch wirklich von dieser Arbeit leben k√∂nnen. ja, und das ist uns gelungen, auch gegen die FDP. und nat√ºrlich tun wir auch ne Menge daf√ºr, dass es der Wirtschaft wieder besser geht. wir haben begonnen B√ºrokratie abzubauen, wir haben die steuerliche forschungsf√∂rderung verdoppelt, wir haben daf√ºr gesorgt, dass mehr Fachkr√§fte nach Deutschland kommen k√∂nnen und wir arbeiten daran, dass mit mehr Innovation und g√ºnstigere Energie die deutsche Wirtschaft wettbewerbsf√§hig bleibt.
"
7457599380011355414,"üì¢‚ú® Wahlkampfauftakt zur Bundestagswahl 2025 ‚Äì #TeamHolger! ‚úä Gestern war der offizielle Startschuss f√ºr den Wahlkampf von #TeamHolger! Der Raum war voll mit engagierten Freiwilligen, die f√ºr mich und eine starke SPD anpacken. Jetzt hei√üt es: √Ñrmel hochkrempeln und gemeinsam durchstarten! üí™‚ù§Ô∏è Du hattest gestern keine Zeit, m√∂chtest aber trotzdem unterst√ºtzen? Kein Problem! Melde dich gerne bei mir oder in meinem B√ºro (Kontakt findest du im Link in der BIO). üé•‚ú® Video ansehen und teilen ‚Äì jeder Beitrag z√§hlt! üôå #anpacken #fyp #news #holgermann #dranbleiben #SPDLeipzig #Bundestagswahl2025 #SozialePolitik #TeamHolger #Wahlkampfauftakt   ",2025-01-08 17:34:27,DE,0,919,8,30,7457599378925177622,"['news', 'fyp', 'dranbleiben', 'anpacken', 'teamholger', 'wahlkampfauftakt', 'sozialepolitik', 'spdleipzig', 'bundestagswahl2025', 'holgermann']",holgermannle,,,"jetzt geht's endlich los. heute war teamgr√ºndung meines wahlkampfteams im jedermanns und ich war geflasht, wie voll das B√ºro geworden ist. danke schon mal f√ºr den Support und jetzt geht's los f√ºr das beste Ergebnis f√ºr die SPD zur Bundestagswahl in 7 Wochen.
"
7461980058278841622,Unser Programm f√ºr Wirtschaftswachstum in 60 Sekunden!  #politik #wirtschaft #wachstum #spd #wahlprogramm #btw25 #leipzig #holgermann #fyp #news #60seconds #sozial ,2025-01-20 12:53:47,DE,1,1692,27,142,7461980049571334934,"['news', 'fyp', '60seconds', 'spd', 'leipzig', 'sozial', 'wirtschaft', 'politik', 'wachstum', 'wahlprogramm', 'btw25', 'holgermann']",holgermannle,,,"Unser Wirtschaftsprogramm  in einer Minute. Die SPD will neues Wirtschaftswachstum und dar√ºber Arbeitspl√§tze und Wettbewerbsf√§higkeit sichern. Das wollen wir unter anderem durch einen ""Made-in-Germany-Bonus"". Jedes Unternehmen was in Deutschland  in neue Produktionsanlagen und Dienstleistungen investiert, soll 10 Prozent Steuerabschreibung bekommen. 2. Wir haben einen Deutschlandfond aufgelegt, sodass jeder, auch Privatpersonen, in den Ausbau der Infrastruktur in Deutschland investieren kann; zum Beispiel neue Schienenwege, in digitale Infrastruktur und nat√ºrlich auch in neue Bildungseinrichtung. 3. Wir haben vieles getan, um Menschen und Unternehmen zu entlasten. Zum Beispiel Steuerreform mit gr√∂√üeren Freibetr√§gen, den steuerlichen Forschungsbonus  oder Weiteres was wir jetzt  im Wahlprogramm verankert haben, wollen dazu die Energiekosten bremsen, indem wir Netzentgelte deckeln; all das machen wir, damit es wieder neues Wirtschaftswachstum gibt.¬† Deshalb SPD w√§hlen!"
7461603882112683266,Antwort auf @Sophie Wir wollen langfristigen Frieden!  #frieden #politik #ukraine #krieg #sozial #peace #fyp #news #holgermann #friedensvertrag #spd #leipzig ,2025-01-19 12:34:00,DE,0,934,50,29,7461603883081599766,"['peace', 'news', 'fyp', 'ukraine', 'spd', 'frieden', 'leipzig', 'friedensvertrag', 'sozial', 'krieg', 'politik', 'holgermann']",holgermannle,,,"SPD als friedenspartei und waffenlieferung an die Ukraine, wie passt das zusammen? die Ukraine ist von Russland angegriffen worden, ist n imperialistischer Angriffskrieg mit Allen milit√§rischen Mitteln, mit ganz vielen, √ºber 300.000 opfern inzwischen. alles was wir durch die Waffen sicherstellen wollen ist, dass die Ukraine sich selber verteidigen kann, ihr Staatsgebiet, ihre B√ºrger und 1 souver√§ner Staat bleiben kann, deren Grenzen respektiert werden. nun sagen einige, liefert keine Waffen mehr, der Krieg ist vorbei stimmt das denn wirklich? als Russland Teile der Ukraine besetzt hatte, erinnert euch an Butcher, gab es jede Menge zivile Opfer, hat Russland Menschen get√∂tet, vergewaltigt, verschleppt und das ist bis heute der Fall. und w√ºrde Russland diesen Krieg gewinnen und die Ukraine besetzen, dann w√§re die Lektion 1 Krieg. 1 imperialistischer Angriffskrieg lohnt sich und wir in Europa werden auch nicht mehr sicher. deshalb unterst√ºtzen wir die Ukraine.
"
7460542041924160790,Ronaldo oder Messi? #ronaldo #messi #fyp #news #ask #hobby #bvb #switch #mariokart #leipzig #fu√üball #politik ,2025-01-16 15:53:31,DE,1,953,46,0,7460542032177466134,"['bvb', 'messi', 'switch', 'hobby', 'ask', 'ronaldo', 'news', 'fu√üball', 'mariokart', 'fyp', 'leipzig', 'politik']",holgermannle,,,"BA BA BA Familie gegr√ºndet blubb blubb blubb Hallo, ich bin Holger Mann, ich bin in Sachsen geboren und seit '97 √ºberzeugter Leipziger. Ich hab ja ein Studium gemacht, hab mich dann in diese Stadt, dann in eine Frau verliebt, mit der ich eine Familie gegr√ºndet hab und wohn zur Miete hier in Leipzig. Und seit 2021 darf ich die SPD und die B√ºrger im Leipziger Norden im Deutschen Bundestag vertreten. Name: Holger Mann Gr√∂√üe: 1,83 m D√∂ner um die Ecke, macht sch√∂ner Meine Hobbys sind: Radfahren, spielen, heute mehr Xboxen oder neuerdings Switch und zu jeder Zeit kick ich gern gegen den Ball, auch gern mit dem FC Bundestag. Das beste Switch-Spiel im Moment ist Super Mario Kart 8 Lieblingstier: Katzen  Augenfarbe: Blau,  deswegen auch Lieblingsfarbe Beziehungsstatus: gekl√§rt  Und mein Lieblingsessen ist Sauerbraten mit Kl√∂√üen und Rotkraut Lange Zeit war es der BVB, ab und zu guck ich auch mal, was RB an offensiv Fu√üball bietet Definitiv Messi! Big Bang Theorie war schon ganz geil"
7460189010313383190,Soziale Poltik f√ºr Dich!  ‚úÖMindestlohnerh√∂hung ‚úÖKindergelderh√∂hung ‚úÖRentenangleichung ‚úÖRentensicherung ‚úÖBaf√∂g-Erh√∂hung ‚úÖAusbildungsplatzf√∂rderung ‚úÖPflegebeitr√§ge gedeckelt ‚úÖKrankenhausreform #politik #sozial #holgermann #fyp #bilanz #btw25 #bundestag #leipzig #spd #fyp ,2025-01-15 17:03:33,DE,0,524,33,24,7460188991801428759,"['fyp', 'spd', 'leipzig', 'bilanz', 'sozial', 'politik', 'bundestag', 'btw25', 'holgermann']",holgermannle,,,"ne ganze Menge! Mindestlohn, mindestlohnerh√∂hung; jetzt auf √ºber 12 Euro  und wir wollen 15 Euro, weil das notwendig ist, um vom verdienten Geld auch wirklich Leben zu k√∂nnen. wir haben das Kindergeld erh√∂ht,  mehrfach sogar in dieser Legislatur, wir haben die F√∂rderung f√ºr Ausbildung und Studium deutlich ausgeweitet, das BAf√∂G, wir haben die pflegebeitr√§ge gedeckelt und wir haben in vielen anderen Bereichen daf√ºr gesorgt, dass mehr soziale Gerechtigkeit organisiert wird. zum Beispiel bei der Rente: endlich die Angleichung zwischen OST und West und auch die Mindestrente abgesichert,  wir wollen  keine rentenk√ºrzungen!"
7459419744932728086,"Meine Motivation, f√ºr euch im Bundestag f√ºr ein soziales Deutschland f√ºr alle zu k√§mpfen!  #politik #motivation #holgermann #bundestag #arbeit #passion #qna #interview #abgeordneter #frage #antwort #news #fyp ",2025-01-13 15:18:25,DE,0,814,20,1,7459419733944650518,"['passion', 'motivation', 'news', 'interview', 'fyp', 'qna', 'arbeit', 'frage', 'antwort', 'politik', 'bundestag', 'abgeordneter', 'holgermann']",holgermannle,,,"die Welt besser machen. ganz konkret durch Unterst√ºtzung  f√ºr Forschung,Wissenschaft und dann durch m√∂glichst gute Verbreitung dieser Ergebnisse  √ºber Wissenschaftskommunikation, √ºber Transfer und auch √ºber neue Produkte und Dienstleistungen. das 2. ist, dass ich von Anbeginn f√ºr nicht nur Freiheit und Solidarit√§t, sondern Gerechtigkeit k√§mpfe. das ist ne Grund√ºberzeugung. und das 3. ist, Allen klarzumachen, dass das Recht zu w√§hlen A keine Selbstverst√§ndlichkeit ist Und B auch eine gewisse Verantwortung mit sich bringt. deswegen schauen sie sich genau an, was die Parteien in ihren Wahlprogrammen fordern. da muss man nich alle Seiten durchgelesen haben, da hilft es schon den Wahlomat mal zu bedienen. und fragen sie sich vor Allen Dingen, OB die Parteien das gehalten haben, was sie versprochen haben. wir haben den Mindestlohn erh√∂ht, wir haben die Pflege besser gesichert, die pflegebeitr√§ge gedeckelt, wir haben vieles verbessert im Wohnungsbau, wenn auch keine 400.000 neuen Wohnungen, dann doch 300.000 neue Wohnungen im letzten Jahr und wir sind darauf und dran die Rente zu sichern. unsere kernf√∂rderung haben  Koalitionsvertrag geschrieben und auch per Gesetz oder Aktion durchgesetzt."
7459115623688195350,Neujahresempfang der SPD Leipzig mit #holgermann @Nadja Sthamer @Matthias Ecke üåπüá™üá∫ Dirk Panter und einer gro√üen Gruppe Sozialdemokraten f√ºr #sozialepolitikf√ºrdich #leipzig #fyp #rede #politik #neujahr #btw25 #sozial #f√ºrdich ,2025-01-12 19:38:15,DE,1,856,59,15,7459115655725058838,"['fyp', 'rede', 'neujahr', 'leipzig', 'f√ºrdich', 'sozial', 'politik', 'btw25', 'sozialepolitikf√ºrdich', 'holgermann']",holgermannle,,,"hier gibt's weiterhin mehr rot als blau und wir wollen keine blauen Bundestagsabgeordneten, die dann in Berlin sitzen und dort ihren Hass Aus unserer Stadt herausverbreiten. deshalb lasst uns wirklich um jede Stimme k√§mpfen. es wird sich in vielerlei Hinsicht lohnen. Politik zu fordern ist das eine, Politik umzusetzen ist das andere. und ich w√ºnsche Mir, dass wir daf√ºr auf der Stra√üe streiten, mit nem graden R√ºcken, mit Mut f√ºr diese Partei, mit Mut f√ºr unsere Themen. und ich w√ºnsche Mir sehr, euch da alle an unserer Seite zu haben. gibt Mir die Gelegenheit, euch einfach Allen 1 gutes, 1 gesundes und 1 gl√ºckliches neues Jahr zu w√ºnschen und m√∂chte dieses Land, das mit seinen 4 Millionen Einwohnern sehr divers ist, man manche vielleicht auch noch vom 1 oder anderen √ºberzeugen muss, trotzdem gerne voranbringen. und ich hoffe, wir k√∂nnen das auch bei dieser Bundestagswahl. 100 Milliarden noch in ihrer Finanzierung drinnen und ihr wisst, wie das am Ende gef√ºllt wird. wir m√ºssen denn die schlechtesten drunterleiten. da werden Sozialleistungen gek√ºrzt, die werden Investitionen in die Zukunft gek√ºrzt und wir haben ne Vorstellung von nem investierenden Staat, von nem Staat der sozialen ausgleichschaft. und ich merke das Kribbeln, das kommt, ich h√∂r's die ganze Zeit schon vor ganz vielen Ecken, die Vorbereitung, die sind jetzt alle fertig und morgen geht's los.
"
7459023047488507158,Antwort auf @lehdom Friedenspartei seit √ºber 160 Jahren und going strong! #staystrong #fyp #qna #frage #antwort #politik #frieden #krieg #friedenspartei #leipzig #holgermann ,2025-01-12 13:39:02,DE,0,863,54,36,7459023038307765014,"['staystrong', 'fyp', 'qna', 'frage', 'frieden', 'leipzig', 'antwort', 'krieg', 'politik', 'friedenspartei', 'holgermann']",holgermannle,,,"jussa ledom hat gesagt, die SPD seine kriegspartei. ich sage aber, die SPD war schon immer und wird seine friedenspartei. wir setzen immer zuerst auf diplomatische L√∂sung krieg kann immer nur die letzte ultimaratius sein und wir f√ºhren auch keinen Krieg, weder als SPD noch als Bundesrepublik Deutschland, sondern wir unterst√ºtzen die Ukraine in ihrer Selbstverteidigung gegen einen imperialen Aggressor. dass wir f√ºr Frieden und Diplomatie eintreten, geht nicht nur hier im Falle des angriffskriegs Russlands gegen die Ukraine, sondern geilter von den vorigen Jahren. ihr werdet euch erinnern, unserer Bundeskanzler Gerhard Schr√∂der hat vormals ganz deutlich gesagt, er ist nicht bereit in den Irak einzumarschieren, weil er damals die inzwischenwissend die Aus gef√§lschten Beweise der Amerikaner f√ºr Massenvernichtungswaffen bezweifelt hat. wir haben auch bei anderen kriegseins√§tzen immer gesagt, das akzeptieren wir nicht √§h, wir sind und beteiligen uns an internationalen milit√§reins√§tzen nur im Rahmen eines un mandaten. die Lage in der Ukraine bleibt schwierig, das wissen wir. die Kr√§fte sind in teilen aufgebraucht und die Ukraine ist in einem schwierigen verteidigungskampf. wir setzen daher alles daran, sie weiterhin zu unterst√ºtzen, mit humanit√§rer, mit milit√§rischer, aber auch finanzieller Hilfe. deswegen streben wir zeitnah Verhandlung √ºber eine Waffenruhe und dann auch √ºber einen Friedensvertrag √§h an, damit es dauerhaft einen gerechten Frieden geben kann.
"
7465734961904061718,"Zur Einordnung meine Einsch√§tzung am Tag danach und mit dem Blick auf morgen. War es nur 
 ein Ausrutscher? Noch ist es nicht zu sp√§t, umzukehren. Noch ist Brandmauer nicht komplett 
 gefallen! @CDU Deutschlands
 #brandmauer #noafd #anpacken #dranbleiben #holgermann #spd #spdbt #sachsen #leipzig ",2025-01-30 15:44:43,DE,0,1012,74,5,7465734963310136086,"['spd', 'sachsen', 'leipzig', 'dranbleiben', 'anpacken', 'noafd', 'spdbt', 'brandmauer', 'holgermann']",holgermannle,,,"gestern war ein denkw√ºrdiger Tag, nicht nur f√ºr den Deutschen Bundestag, sondern f√ºr die ganze parlamentarische Demokratie in unserem Land. erstmals hat die CDU und die FDP auf Stimmen von Rechtsextremisten im Parlament gebaut, um eine Mehrheit f√ºr ihren Antrag herzustellen. ohne die AfD h√§tte dieser Antrag keine Mehrheit gehabt und man hat das kalkuliert herbeigef√ºhrt. f√ºr uns Sozialdemokraten war klar, ihr Stimmt nicht mit verfassungsfeinden, ihr kooperieren nicht mit Menschen, die andere Menschen mit Hass und Verachtung √ºberziehen, die gegen essentielle Grundrechte in unserem Land und gegen die Institution unserer Demokratie vorgehen. darauf k√∂nnt ihr euch verlassen. bei der Union wird aber schon morgen die Frage sein, war das jetzt ein Ausrutscher, oder ist das inzwischen Strategie. will man auch am Freitag auf eine Mehrheit mit der AfD bauen, um ein weiteres Gesetz hierdurch den Deutschen Bundestag zu schieben? noch ist es nicht zu sp√§t, um umzukehren, noch kann man die Brandmauer halten gegen rechtsextreme und verfassungsfeinde. ich fordere alle in der CDU auf, sich zu √ºberlegen, was sie hier aufs Spiel setzen. unverantwortlich wie ich es finde und brandgef√§hrlich."
7465710722585038102,"Unsere Demokratie ist #WEHRHAFT   Der Bundestag debattiert heute √ºber unseren Gruppenantrag zur Einleitung eines Verfahrens zur Feststellung der Verfassungswidrigkeit der AfD gem√§√ü Artikel 21 des Grundgesetzes beim Bundesverfassungsgericht in Karlsruhe.   Die AfD stellt die gr√∂√üte Gefahr f√ºr unsere Demokratie dar. Schon einmal hat in Deutschland eine demokratisch gew√§hlte Partei die Demokratie abgeschafft. Ich bin der √úberzeugung, dass die AfD dieses Ziel verfolgt. Das kann man zum Beispiel daran erkennen, dass die AfD mit ihren Inhalten und Zielen gegen die Menschenw√ºrde und das Demokratieprinzip verst√∂√üt.   Ob die AfD verfassungswidrig ist oder nicht, entscheidet nicht der Bundestag, sondern das Bundesverfassungsgericht. Es liegt in den H√§nden des Bundestages, ob das Bundesverfassungsgericht das auch zu entscheiden hat. Deshalb ist es so wichtig, dass wir jetzt das parlamentarische Verfahren gestartet haben. Der Bundestag muss den Weg nach Karlsruhe freimachen! Ich rufe alle Abgeordneten dazu auf, sich die Gefahr f√ºr unsere Demokratie bewusst zu machen!",2025-01-30 14:10:40,DE,21,25558,1927,653,7465710724859235094,['wehrhaft'],holgermannle,,,
7465697641700150550,Keine Zusammenarbeit mit Verfassungsfeinden! @CDU Deutschlands  #noafd #nonazis #brandmauer #scholz #politik #nein #sachsen #demokratie ,2025-01-30 13:19:55,DE,1,930,106,5,7465697641255521046,"['nein', 'sachsen', 'demokratie', 'nonazis', 'politik', 'scholz', 'noafd', 'brandmauer']",holgermannle,,,"OB man als Demokrat mit den extrem rechten gemeinsame Sache macht da hatte ich ihren Zusicherung wirklich geglaubt bisher kannten wir ihre umfaller und zickzackkurse nur von anderen stellen Aus der Au√üenpolitik ich sage nur: Taurus-Ultimatum oder beim Renteneintrittsalter, wo sie den Leuten etwas anderes erz√§hlen als in ihrem Parteiprogramm steht. am 12.11 hatten sie gesagt, ich will keine Mehrheiten im Parlament mit der AfD am 13.11 haben sie das hier an diesem Rednerpult bekr√§ftigt sie haben mit dem Fraktionsvorsitzenden der SPD fest vereinbart alles zu unterlassen wof√ºr sie auf Stimmen der AfD angewiesen sind noch vor drei Wochen haben sie im Fernsehen ihr Wort gegeben die CDU werde ihre Seele nicht verkaufen durch eine Zusammenarbeit mit der AfD sie haben ihr politisches Schicksal damit verbunden viele B√ºrgern und B√ºrger haben darauf und auf ihr Wort vertraut aber was sind diese Worte jetzt noch wert"
7465607854972488982,Zur Einordnung.  #noafd #brandmauer #politik #spd #demokratie #stabilbleiben #widersetzen ,2025-01-30 07:31:34,DE,2,896,93,7,7465607833447418646,"['spd', 'demokratie', 'politik', 'stabilbleiben', 'noafd', 'widersetzen', 'brandmauer']",holgermannle,,,"unsere Demokratie ist unser h√∂chstes gut. deshalb wird sie mit einer Brandmauer gesch√ºtzt. Aus Anstand und Aus Verantwortung. doch unsere Brandmauer wird angegriffen von Populisten und Extremisten. sie greifen an von au√üen. sie greifen an von innen. einzelne Schl√§ge kann sie verkraften, aber wenn die Mitte nicht mehr zusammenh√§lt, kann sie irreparablen Schaden nehmen. mit deiner Stimme sch√ºtzen wir die Brandmauer und St√§rken damit unsere Demokratie. mehr f√ºr dich, besser f√ºr Deutschland, SPD. soziale Politik f√ºr dich!
"
7465391936522784022,Keine Kooperation mit Verfassungsfeinden!  #noafd #brandmauer #politik #geschichte #deutschland #cdu #demokratie #freiheit #fyp ,2025-01-29 17:33:35,DE,4,3601,245,42,6704985044194166786,"['deutschland', 'fyp', 'freiheit', 'cdu', 'geschichte', 'demokratie', 'politik', 'noafd', 'brandmauer']",holgermannle,,,
7465357374551772438,"Am Freitag hat Friedrich Merz angek√ºndigt, seine Antr√§ge und 
 Gesetzvorschl√§ge zu Migration und Asyl im Bundestag zur 
 Abstimmung zu bringen, unabh√§ngig davon wer diesen zustimmt. 
 Damit rei√üt er die Brandmauer ein, von der er vor noch 3 Wochen 
 seine politische Zukunft abh√§ngig gemacht hat. Er paktiert offen 
 mit Abgeordneten von AfD-Landesverb√§nden in 
 Mitteldeutschland, die gesichert rechtsextrem sind.
 Heute m√∂chte ich mit euch kurz dar√ºber reden, warum wir als 
 SPD diesen Gesetzen auch inhaltlich nicht zustimmen werden, 
 und warum es so brandgef√§hrlich ist, wenn die CDU Gesetze mit 
 der AfD zusammen verabschiedet.  #noafd #fyp #brandmauer #politik #leipzig #cdu #nonazis #demokratie #links #afdverbot ",2025-01-29 15:19:27,DE,7,993,35,6,7465357374711204631,"['fyp', 'links', 'leipzig', 'cdu', 'demokratie', 'nonazis', 'politik', 'noafd', 'afdverbot', 'brandmauer']",holgermannle,,,"es besteht Handlungsbedarf in dem Feld Migration und Sicherheit, warum es eben auch so brandgef√§hrlich ist sich als CDU/ CSU auf die Stimmen der AfD zu st√ºtzen und wir stehen heute vor einem Einschnitt im Deutschen Bundestag, denn erstmals hat eine demokratische Partei angek√ºndigt, sich der Stimmen von rechtsextremen und Rechtspopulisten zu bedienen, um mit diesen gemeinsam Mehrheiten zu schaffen. konkret hat Friedrich Merz angek√ºndigt, seine Antr√§ge und Gesetzentw√ºrfe¬† zum Thema Migration und Asyl im Bundestag zur Abstimmung zu bringen, unabh√§ngig davon, wer mit ihm stimmt. damit rei√üt err die Brandmauer ein, von der er behauptet hat, an sie w√ºrde er sein eigenes politisches Schicksal binden. und das √ºbrigens nicht vor Jahren, sondern erst vor drei Wochen. der sogenannte 5-Punkte-Plan von Friedrich Merz ist bereits von vielen Sicherheitsexperten, polizeivertreter:innen und auch Journalisten kritisiert und als praktisch nicht umsetzbar bewertet. CDU Vorsitzender Merz sagt darin, er will alle Menschen ohne g√ºltige Ausweispapiere direkt zur√ºckweisen. man muss sagen, damit w√ºrde de facto das Grundrecht auf Asyl ausgesetzt. Ich muss hier ganz deutlich zu sagen: f√ºr die SPD und Sozialdemokraten und Sozialdemokratinnen ist das Grundrecht auf Asyl nicht verhandelbar, denn es ist einer der zentralen lehren nicht nur Aus dem 2. Weltkrieg sondern auch Aus der Fluchtbewegung Aus der Zeit der Teilung Deutschlands. M√§rz fordert zudem dauerhafte Grenzkontrollen an den deutschen Au√üengrenzen, also an 4.000 Kilometern und das ist purer Populismus. Vor allem rein rechtlich wird er damit gegen die EU Vertr√§ge zur Freiz√ºgigkeit versto√üen, das is nich nur ein juristisches Problem, sondern viele, viele pendlerinnen und Pendler und nicht zuletzt der transitverkehr wird dann darunter leiden. ganz abgesehen davon hat auch hier die Bundespolizei schon gesagt, sie kann das personell √ºberhaupt nicht leisten. genau deswegen haben wir als SPD in der Koalition in den letzten 3 Jahren √ºber 30 Reformen an Gesetzen und Vorschriften auf den Weg gebracht, die auch jetzt noch beschlussreif vorliegen und √ºbrigens von derselben Union verhindert werden, die hier nicht bereit ist unseren Vorschl√§gen zuzustimmen. Die da ein Interesse hat, an populistischen Forderungen und an Zuspitzen vor dem Wahlkampf. unsere Reform zeigen aber bereits Wirkung. so sind die asylgesuche im letzten Jahr um 30 Prozent zur√ºckgegangen. auch, weil europ√§ische Partner jetzt ihren fairen Anteil bei der Aufnahme √ºbernehmen. dennoch hat M√§rz angek√ºndigt, zur Durchsetzung seiner Vorschl√§ge auch auf die Stimmen der AfD zu bauen. und eine Gef√§hrdung der Demokratie, denn die viel-beschworene Brandmauer wurde damit eingerissen. was hei√üt das? also eine ganz klare Trennlinie zwischen demokratischen Parteien, die das Grundgesetz und unsere verfassungsinstitution verteidigen und denen, die sie aktiv bek√§mpfen; mit Populismus, mit falschbehauptungen, aber eben auch mit Gesetzesvorschl√§gen, die gegen die Verfassung versto√üen. dazu geh√∂rt eben auch, dass man mit verfassungsfeinden keine gemeinsame Sache macht, nicht im deutschen Parlament, dem Ort wo Demokratie gelebt werden und verteidigt werden soll. zudem st√§rkt Merz damit indirekt die AfD, weil er sie salonf√§hig macht. deswegen sage ich, die CDU hat ein definitives Glaubw√ºrdigkeitsproblem nach dieser Woche. auf die Aussagen ihres kanzler-kandidierenden ist keine 3 Wochen verlass. und ich finde es wirklich best√ºrzend, dass Merz und viele MDB der CDU sich auf die Stimmen von verfassungsfeinden st√ºtzen wollen. ich fordere daher pers√∂nlich meinen Gegenkandidaten der CDU im Wahlkreis auf, dem nicht zu folgen und dagegen zu stimmen. das erwarte ich, denn die Menschen in Leipzig und in anderen Teilen des Ostens sind '89 nicht auf die Stra√üe gegangen, damit diese Republik wieder in einen autorit√§ren unrechtsstaat verf√§llt. Friedrich Merz agiert impulsiv und wie ich finde, verantwortungslos. wir fordern die Unionsfraktion dagegen auf, unseren gesetzentw√ºrfen zur Verbesserung der Sicherheit und auch der gemeinsamen Asylpolitik zuzustimmen, Durch die sich praktisch die Sicherheit f√ºr alle erh√∂ht, statt die Brandmauer mit der AfD einzureisen!"
7465291957888126230,Der Osten kann was.  #dresden #tsmc #leipzig #osten #sachsen #chip #microchip #technik #industrie #forschung #investition #ansiedlung #taiwan #fyp ,2025-01-29 11:05:38,DE,0,836,37,13,7465291932223638294,"['chip', 'taiwan', 'fyp', 'dresden', 'tsmc', 'technik', 'sachsen', 'leipzig', 'microchip', 'osten', 'forschung', 'industrie', 'investition', 'ansiedlung']",holgermannle,,,"mit der ansiedlung von tsmc, also dem taiwanesischen Mikrochip Unternehmen, ist die gr√∂√üte einzelinvestition in Ostdeutschland seit 1990 verbunden. und das hier in Dresden √ºber 10 Milliarden investiert werden, das schafft Perspektiven nicht nur f√ºr unsere Landeshauptstadt, das schafft Perspektiven f√ºr die ganze Region, f√ºr das ganze Land, insbesondere f√ºr die Automobilindustrie. und das, wie ich finde, ist einer der gr√∂√üten Erfolge sozialdemokratischer industriepolitik. und dann hei√üt es manchmal zurecht, immer nur die gro√üen St√§dte, aber wir investieren eben auch in die Regionen in unserem Land. wir bauen gerade 2 gro√üforschungszentren auf, in Nord Sachsen und in der Lausitz. hier werden 2.000 Arbeitspl√§tze in der Wissenschaft und Forschung entstehen und wissen Wissenschaft Arbeit.
"
7464919652439756054,In Leipzig zuhause!  #sachsen #leipzig #fyp #news #rede #arbeit #lohn #steuer #sozial ,2025-01-28 11:00:56,DE,1,890,65,41,7464919636874660630,"['news', 'fyp', 'rede', 'arbeit', 'sachsen', 'leipzig', 'sozial', 'lohn', 'steuer']",holgermannle,,,"wir haben den Mindestlohn erneut angehoben. √ºber 340.000 Sachsen profitieren direkt davon, weit mehr als jeder 6.. indirekt √ºbrigens auch tarifbesch√§ftigte und Rentnerin. die CDU hat auch damals wieder jobverluste an die Wand gemalt. tats√§chlich aber haben wir heute die h√∂chste besch√§ftigungszahl sozialversicherungspflichtiger Menschen in unserem Land, die es jemals gab.
"
7464548543177444630,"Mist, da haben wir wieder zu viel geschafft...  #pitch #elevatorpitch #fahrstuhl #politik #strong #fail #fyp #leipzig #60seconds  @SPD im Bundestag ",2025-01-27 11:00:51,DE,0,894,59,1,7464548555204283158,"['fail', 'strong', 'pitch', 'fyp', '60seconds', 'leipzig', 'fahrstuhl', 'politik', 'elevatorpitch']",holgermannle,,,"Ne ganze Menge! Als SPD hier im Deutschen Bundestag in den letzten Jahren: unter anderem Mindestlohn erh√∂ht, L√∂hne deutlich nach oben gebracht, noch nie waren so viele Menschen in sozialversicherungs -pflichtiger Arbeit wie jetzt. Wir haben mit Energiepreishilfen √ºber eine schwierige Phase den Menschen geholfen, aber erzeugen inzwischen so viel Erneuerbare & Strom, wie noch nie zuvor: 2/3 in Ostdeutschland aus erneuerbaren Quellen. Wir haben Familien besonders unterst√ºtzt aber auch...¬†"
7463901157874863382,Bist Du das n√§chste Mal dabei? #plakat #fyp #news #leipzig #aktion #kommmit #followme #zusammen #btw25 #wahl #fyp #aufruf ,2025-01-25 17:08:36,DE,0,877,45,27,7463901144532945666,"['followme', 'news', 'fyp', 'wahl', 'aktion', 'kommmit', 'leipzig', 'plakat', 'zusammen', 'aufruf', 'btw25']",holgermannle,,,
7463432551986728214,Unsere Grunds√§tze zur Au√üenpolitik!  #politik #ukraine #au√üenpolitik #leipzig #news #btw25 #holgermann #fyp #frieden #l√∂sung #strategie #programm #beziehung ,2025-01-24 10:50:12,DE,0,870,24,18,7463432547935669014,"['news', 'fyp', 'ukraine', 'frieden', 'l√∂sung', 'leipzig', 'programm', 'beziehung', 'strategie', 'politik', 'au√üenpolitik', 'btw25', 'holgermann']",holgermannle,,,"unsere Grunds√§tze zur Au√üenpolitik, ihr habt mitbekommen, Donald Trump wird wieder Pr√§sident und haut grad schon einen nach dem anderen raus. er will den Panama Kanal kontrollieren, in Gr√∂nland einmarschieren und es an√§ktieren. und er k√ºndigt an den Krieg in der Ukraine in wenigen Tagen zu beenden. alle die sich damit auskennen wissen was das meint. keine Waffenlieferungen mehr, diktatfrieden durch Russland. die Ukraine muss sehen wo sie bleibt. das ist nicht unsere Linie als SPD. wir sagen Grenzen und internationale Vertr√§ge m√ºssen respektiert werden und d√ºrfen keinesfalls mit Waffengewalt verschoben werden. genau deshalb unterst√ºtzen wir die Ukraine bei ihrem abwehrkampf. Humanit√§t, finanziell und ja auch milit√§risch, damit es kein diktatfrieden gibt. unser Konzept is, wir wirken mit Allen M√∂glichkeiten, diplomatisch, wirtschaftlich et cetera darauf hin, dass es endlich nen Waffenstillstand gibt, indem dann 1 gerechter Friedensvertrag ausgehandelt wird. der braucht sicherheitsgarantien, damit die Ukraine nicht gleich wieder angegriffen wird wie 2.014 und vor 3 Jahren. aber das ist unser Weg, verl√§sslich basierend auf internationalen Vertr√§gen und dem recht. sozialdemokratische Au√üenpolitik.
"
7462712852911099158,#taxme Steuerentlastung f√ºr 95% der Menschen in Deutschland klingt gut!  #steuern #politik #btw25 #60seconds #fyp #antwort #news #netto #spitzensteuer #abeitnehmer #deutschland #lohn #lohnsteuer #bundestag ,2025-01-22 12:17:24,DE,0,866,36,31,7462712847460076310,"['news', 'deutschland', 'fyp', '60seconds', 'antwort', 'lohn', 'netto', 'politik', 'steuern', 'bundestag', 'taxme', 'lohnsteuer', 'btw25', 'spitzensteuer', 'abeitnehmer']",holgermannle,,,"Das Steuerkonzept der SPD in 60 Sekunden. Die SPD will 95 Prozent der Menschen in unserem Land entlassen, vor allen Dingen Angestellte und Arbeitnehmerinnen und dort besonders die Familien, die sollen im Monat bis zu 250 Euro mehr in der Tasche haben f√ºr ihren Lebensunterhalt. Was wollen die anderen Parteien? Zugegeben die wollen auch entlasten, die CDU rei√üen dabei mal eben ein Haushaltsloch von √ºber 100 Milliarden ‚Ç¨ in den Bundeshaushalt, ist also nicht gegenfinanziert und die wollen vor allen Dingen die reichsten 10 Prozent entlasten, mit ihrem Steuerkonzept. Genauer gesagt sogar die reichsten 1 %. Die CDU will allein 28 Milliarden Euro jedes Jahr den reichsten 1 Prozent noch in den Rachen werfen. Noch schlimmer ist nur die AfD: 34 Milliarden und dreimal d√ºrft ihr raten, was die FDP will: genau! √úber 40 Milliarden an das reichste 1 %. Wir wollen die dagegen als SPD st√§rker besteuern, weil Reichere mehr leisten k√∂nnen und beitragen und daf√ºr eben die unteren Einkommensgruppen entlasten wird.  SPD sozial und demokratisch."
7462424975480212758,Der #oxfam Bericht! Superreiche werden immer reicher.  #reich #taxme #steuer #wirtschaft #politik #leipzig #recherche #bericht #superreiche #einkommem #unternehmen #arbeit ,2025-01-21 17:40:15,DE,0,345,15,2,7462424976056699670,"['arbeit', 'oxfam', 'leipzig', 'reich', 'bericht', 'wirtschaft', 'steuer', 'recherche', 'politik', 'unternehmen', 'taxme', 'einkommem', 'superreiche']",holgermannle,,,
7469452198909398294,"Kleiner Recap #Bundeskanzler Olaf Scholz war am 8.2. in Leipzig. Vom Kanzler gab es 60 
 min Klartext, ohne Skript, daf√ºr k√§mpferisch und motivierend. 
 Genau die richtige Einstimmung f√ºr das Spitzenduell heute am 9.2. ab 20:15 Uhr auf 
 ARD, ZDF und Phoenix. Schaltet ein!
 Wer das Duell in #Leipzig in guter Gesellschaft erleben will: Ab 19 Uhr √∂ffnet das 
 Jedermanns auf der Georg-Schumann-Str. 133 in Gohlis die T√ºren. F√ºr Snacks und 
 Getr√§nke ist gesorgt!
 CU! @olafscholz @nadja_sthamer @spdleipzig @westbadleipzig @spdde
 @spdsachsen @spd_brandenburg @spd_sachsenanhalt @spdthueringen
 @petrakoepping_spd @henninghomann @kthrn_mchl_spd @dirk.panter
 @dermenschmaier @matthias.ecke @geisenblaetter @heiko_wittig @maik.linke.21
 @laurastellbrink @antje.junghans @adrianschndr @sophiekoch.j @piapurzelbaum
 @rambergf @holgermannle #sachsen #leipzig #news #politik #fyp #olaf #scholz #kanzler #wahlen ",2025-02-09 16:09:27,DE,0,1073,40,12,7469452188832484118,"['olaf', 'news', 'fyp', 'sachsen', 'leipzig', 'politik', 'kanzler', 'wahlen', 'bundeskanzler', 'scholz']",holgermannle,,,"hi, liebe Gr√º√üe Aus dem westbad, wo heut √ºber 1.000 Menschen Olaf Scholz und unsere bundesspitze erlebt haben. bei einer motivierenden Veranstaltung, bei ganz klaren Botschaften, gerade auch in Richtung Union. wenn Olaf Scholz morgen so gut aufgelegt ist, wird das nicht nur n spannendes spitzenduell, sondern gewinnen wir das Haus hoch. also schaltet 1. morgen Abend ZDF und ARD 20 Uhr 15. haha haha, non-human.
"
7469451657386954006,Olaf ist der Kanzler f√ºr die Mitte!  #olafscholz #leipzig #sachsen #mitte #politik #kanzler #btw25 #news #fyp #rede #sozial #wahlen ,2025-02-09 16:07:21,DE,1,1027,56,23,7469451648102435606,"['news', 'fyp', 'rede', 'mitte', 'sachsen', 'leipzig', 'sozial', 'politik', 'kanzler', 'wahlen', 'olafscholz', 'btw25']",holgermannle,,,"ja wir k√∂nnen das hinkriegen. Mehr Wachstum f√ºr unser Land, Mehr Sicherheit bei der Rente und bessere M√∂glichkeiten, sein Leben zu meistern und das zu bestehen Frieden und Sicherheit in Europa k√∂nnen wir gew√§hrleisten und ein gutes Miteinander. aber wir m√ºssen auch klarstehen, gegen diejenigen, die unser Land spalten wollen und deshalb sage ich, am Besten kriegen wir das hin, In dem man ein richtiges Kreuz macht, am 23. Februar, bei der SPD. daf√ºr, dass der Kanzler weiter ein Sozialdemokrat ist und in dem Sinne sch√∂nen Dank f√ºrs zuh√∂ren!"
7469006282897345814,Damit Freiwilligendienste freiwillig bleiben! Heute beim Freiwilligenaustausch in der F√∂rderschule Schloss Sch√∂nefeld #fsj #f√∂j #freiwillig #freiwilligendienst #gesellschaft #engagement #austausch #fyp #news #einsatz ,2025-02-08 11:19:06,DE,1,883,28,2,7469006281836464918,"['news', 'engagement', 'fyp', 'austausch', 'einsatz', 'fsj', 'freiwillig', 'gesellschaft', 'f√∂j', 'freiwilligendienst']",holgermannle,,,"zuerst durften wir an einer F√ºhrung durch das Schulgeb√§ude teilnehmen. dabei haben wir die Klassenzimmer, Die umkleiden, hygieneeinrichtungen und zum Beispiel ein snoezelzimmer, wie dieses hier, gesehen in denen die Sch√ºler genau f√ºr ihr Level gerecht lernen k√∂nnen. au√üerdem hat diee Schule Unterst√ºtzung durchh freiwillige. genau neun an der Zahl dieses Jahr, aber eigentlich m√∂chten sie f√ºr jede ihre 17 Klassen Einen Freiwilligen oder eine freiwillige einsetzen. aber daf√ºr braucht es gen√ºgend Anreize f√ºr die Freiwilligen und genug kontingente an Pl√§tzen f√ºr die Freiwilligen. und genau dar√ºber haben wir uns heute mit den sprecherinnen und Sprechern der Freiwilligendienste hier in Sachsen ausgetauscht. die beiden k√§mpfen zum Beispiel f√ºr ein besseres √ñPNV-Ticket f√ºr Freiwillige und aber auch daf√ºr, dass die Verg√ºtung f√ºr einzelne freiwillige hoch genug ist und, dass es gen√ºgend Pl√§tze f√ºr alle Menschen gibt, die sich gerne als Freiwillige engagieren wollen. diese Forderungen unterst√ºtzen wir nat√ºrlich sehr sehr gerne!"
7468631167592353046,Mit der SPD Integrit√§t und Soziale Politik f√ºr Dich w√§hlen.  #sachsen #leipzig #merz #w√§hlen #btw25 #fyp #news #interview #politik #m√ºntefering ,2025-02-07 11:03:29,DE,1,929,80,12,7468631150640466710,"['news', 'interview', 'fyp', 'merz', 'sachsen', 'leipzig', 'politik', 'w√§hlen', 'btw25', 'm√ºntefering']",holgermannle,,,"Franz mintopharing, ich habe im Bundestag und in Regierung gearbeitet, auch als Minister. ich habe dabei nat√ºrlich auch durch M√§rz beobachten k√∂nnen, in all den Jahren aufgefallen ist nat√ºrlich schon f√ºr 1982 bis achtundneunziger Helmut Kohl Kanzler, der hat ihn nicht in sein kabinet geholt und √§h, 2.005 bis 2.021 Merkel auch nich. warum? weil sie ihn nich haben wollten, die haben ihn gekannt, die haben gewusst, das is nich gut √§h, mit dem. dieser Text, den er da geschrieben hat, √ºber mehr Kapitalismus Wagen, is keine Kleinigkeit. man muss das lesen, was er da alles schreibt. er redet nicht dar√ºber, wie er die Chancen f√ºr die Schw√§cheren verbessert, sondern er findet sich damit AB. er stellt sie auf die Seite derer, die gut betucht sind. 2.005, 2.006 macht das gewesen sein, als er in der Fraktion, bei der Union, bei Merkel keine so gro√üe Rolle spielte √§hm, war er immer st√§rker in Nebent√§tigkeiten unterwegs. und dann hat sich das Finanzamt auch eingeschaltet dabei. und die haben gesagt, na ja, du musst uns aber jetzt auch sagen, Wen du alles als Nebeneink√ºnfte hast. und es muss auch klar sein, dass du wenigstens die H√§lfte deiner Arbeitszeit in den Beruf des Abgeordneten investierst. was hat M√§rz getan? er hat sich nicht gebessert da, sondern er ist Aus dem Bundestag ausgeschieden, hat er gar nicht mehr kandidiert. man h√§tte sich auch denken k√∂nnen, dass einer, der nach vorne kommen will, der Kanzler werden will, dass der als urb√ºrgermeister oder Ministerpr√§sident in solchen. Funktionen t√§tig wird, aber da haben die ihn auch nie geholt, auch in Nordrhein Westfalen nicht. er hat keinerlei Erfahrung im regieren, nichtmals in der Kommune, dass man jemand da vorne hinsetzt. der Frischling ist an der Stelle. Merkel war vorher Ministerin gewesen, Helmut Schmidt und und Willi Brandt muss man gar nicht dr√ºber reden. und die, die bei uns sagen, das gilt auch f√ºr Olaf Scholz, nat√ºrlich in hervorragender Weise.
"
7468282792061799702,"Heute startet der Wahl-o-Mat. Du kannst so die Positionen vieler Parteien zur Bundestagswahl mit deinen in nur 5min vergleichen. Ein hilfreiches Tool, wenn man keine lange Programme lesen will, aber Orientierung sucht, welche Partei die eigenen Interessen am besten vertritt.    Disclaimer: Der Wahl-o-Mat  sagt dabei nichts, √ºber die Erfolgschancen der Parteien, also dar√ºber ob diese ihre Ziele im Parlament oder gar Regierung auch umsetzen k√∂nnen oder ob die jeweilige Partei das √ºberhaupt will. Die Basis sind ausschlie√ülich die Wahlprogramme und Antworten der Parteien auf die von der Bundeszentrale f√ºr politische Bildung ausgew√§hlten Fragen.      Link: www.wahl-o-mat.de    Mehr Hintergr√ºnde und das Archiv zu bisherigen Wahl-o-Maten:  www.bpb.de/themen/wahl-o-mat #wahlomat #btw25 #politik #wahl #info #informiert #partei ",2025-02-06 12:31:36,DE,0,971,14,5,7423291709603514385,"['info', 'wahl', 'politik', 'partei', 'informiert', 'wahlomat', 'btw25']",holgermannle,,,
7466838842407013654,Er wird es wieder tun! Friedrich Merz verhilft Rechtsextremen zu Entscheidungsmacht! @CDU Sachsen  @CDU Deutschlands  #brandmauer #noafd #merz #politik #demo #niewiederistjetzt #leipzig #sachsen# #fyp #news #freiheit #demokratie ,2025-02-02 15:08:19,DE,3,972,38,3,7466838840063658774,"['demo', 'news', 'fyp', 'freiheit', 'merz', 'sachsen', 'leipzig', 'demokratie', 'politik', 'noafd', 'brandmauer', 'niewiederistjetzt']",holgermannle,,,"Kanzlerkandidat Friedrich Merz wird von W√§hlern befragt, musste das jetzt 3 Wochen vor der Wahl sein? ja war. diese also Frage ist berechtigt. nicht etwas besser nach der Wahl? da haben sie. hallo, seit der Wahl das vielleicht gut so. wir werden uns nach der Wahl wieder machen.
"
7466484528396258582,Wir sind die Brandmauer heute zu 10.000 in Leipzig.  #demo #brandmauer #gegenrechts #noafd #zusammen #politik #aktion #demokratie #widersetzen #freiheit #fyp #news #fun ,2025-02-01 16:13:25,DE,2,7697,113,44,7466484528937585430,"['fun', 'demo', 'news', 'fyp', 'aktion', 'freiheit', 'zusammen', 'demokratie', 'politik', 'gegenrechts', 'noafd', 'widersetzen', 'brandmauer']",holgermannle,,,
7466483674750405910,"Wir stehen zusammen f√ºr eine Welt, in der alle leben k√∂nnen!  Alle #zusammen  @Hand in Hand Leipzig  @Hand in Hand  @widersetzen  @SPD-Fraktion Stadtrat Leipzig  @CDU Deutschlands  #brandmauer #noafd #politik #demo #gegendenfaschismus #widersetzen #freiheit #niewiederistjetzt #leipzig #sachsen #news #fyp ",2025-02-01 16:10:04,DE,14,29983,467,284,7466483669315341078,"['demo', 'news', 'fyp', 'freiheit', 'sachsen', 'leipzig', 'zusammen', 'politik', 'noafd', 'gegendenfaschismus', 'widersetzen', 'brandmauer', 'niewiederistjetzt']",holgermannle,,,‡¶π‡¶æ ‡¶π‡¶æ
7466404228085435670,Mein Fazit zur Ampelkoalition - Was kommt als n√§chstes  #politik #news #fazit #ampel #koalition #btw25 #bundestag #leipzig #fyp #holgermann ,2025-02-01 11:01:49,DE,0,366,26,5,7466404387489860374,"['news', 'fyp', 'leipzig', 'politik', 'bundestag', 'ampel', 'fazit', 'koalition', 'btw25', 'holgermann']",holgermannle,,,"Ja, das war jetzt nicht das erfolgreichste Regierungsprojekt, aber die Ampel hat auch eine Menge auf dem Weg gebracht. F√ºr die Menschen in unserem Land. Unter anderem h√∂heren Mindestlohn, davon haben Millionen, in Sachsen allein 340.000 Menschen profitiert. Die Ampel hat uns gebracht durch ne schwierige Zeit noch nach der Pandemie und vor allen Dingen der Energiepreiskrise infolge des russischen Angriffskrieges, sie hat daf√ºr gesorgt, dass die Menschen nicht allein gelassen wurden, wie mit Hilfen zu den Energiepreisen und auch mit Unterst√ºtzung f√ºr die Wirtschaft durch diese schwierigste Zeit gekommen sind. Und wir haben in dieser Zeit unsere Abh√§ngigkeit von Russland und russischem Gas massiv abgebaut und haben viel, viel mehr Energieerzeugung aus erneuerbaren Energien auf den Weg gebracht. Strom ist jetzt g√ºnstiger als vor dem Ukrainekrieg und wir sind dabei, die Wirtschaft zu modernisieren  eben auf eine klimafreundliche, aber auch wettbewerbsf√§higer Industrie und Wirtschaft. Daf√ºr haben wir zum Beispiel steuerliche Forschungsf√∂rderungen eingef√ºhrt und verst√§rkt. Wir haben mit der SprinD und anderen Agenturen das Innovationssystem dynamisiert und wir haben viel daf√ºr getan, dass gute Arbeit entsteht und wettbewerbsf√§hige Branchen wachsen. All das hat auch diese Regierungskoalition gemacht, auch wenn sie jetzt und das muss man so deutlich sagen, kein sch√∂nes Ende genommen hat."
7466057917582675222,"‚úÖIch werde dem Antrag zustimmen. Die zunehmende Radikalisierung der AfD und 
 ihre Verbreitung im √∂ffentlichen Diskurs alarmieren mich. Viele √Ñu√üerungen ‚Äì selbst von 
 f√ºhrenden AfD-Politikern ‚Äì zeigen eine klare Unvereinbarkeit mit unseren 
 Verfassungswerten.
 ‚ö†Ô∏èAuch die Ank√ºndigung des CDU-Oppositionsf√ºhrers, im Zweifel mit der AfD 
 Mehrheiten zu schaffen, ist ein schwerer Bruch mit demokratischer Tradition. Daher 
 m√ºssen wir alle Mittel der wehrhaften Demokratie nutzen.
 ‚öñÔ∏èDiese Entscheidung ist nicht leichtfertig gefallen. Die hohen H√ºrden f√ºr ein Verbot 
 sind historisch begr√ºndet. Es muss klar belegt werden, dass die AfD aktiv und mit 
 Erfolgsaussicht unsere Demokratie untergr√§bt.
 üîçDoch angesichts der Einstufung aller drei mitteldeutschen AfD-Landesverb√§nde als 
 gesichert rechtsextrem halte ich eine Pr√ºfung f√ºr notwendig. #wehrhaft.  #noafd #afdverbot #politik #bundestag #brandmauer #leipzig #sachsen #niewiederistjetzt ",2025-01-31 12:37:59,DE,2,1029,141,12,7466057920396921602,"['sachsen', 'leipzig', 'politik', 'bundestag', 'noafd', 'afdverbot', 'wehrhaft', 'brandmauer', 'niewiederistjetzt']",holgermannle,,,"wenn es hier im Deutschen Bundestag zur Abstimmung √ºber einen Antrag zur Einleitung eines √ºberpr√ºfungsverfahrens Oder genauer gesagt verbotsverfahrens zur AfD kommt, dann werde ich diesem zustimmen. ich steh hier im Erdgeschoss, also im Fundament des deutschen Bundestages, und hier, an dem erinnerungsort, haben alle bisherigen Abgeordneten ihren Platz auch und nicht zuletzt die, die bis 1933 Widerstand gegen eine nationalsozialistische Machtergreifung geleistet haben und damit teilweise mit ihrem Leben, aber in jedem Fall mit ihrer Freiheit oder Gesundheit bezahlt haben. in diesen Tagen hat man das Gef√ºhl, dass es viele Parallelen gibt zu diesen Tagen und ich will hier nicht d√ºster malen, aber was wir gestern erlebt haben, dass im Parlament von anderen Parteien eine Brandmauer eingerissen wurde, das zeigt noch einmal mehr, dass wir wachsam sein m√ºssen. wir als SPD haben unsere Lektion Aus den scheitern der Weimarer Republik gelernt. eine Demokratie muss wehrhaft sein, auch gegen ihre Feinde. Im Moment verhindern CDU und FDP, dass es hierf√ºr eine Mehrheit gibt. ich finde, es ist h√∂chste Zeit sich zu √ºberlegen, was in unserem Land alles auf dem Spiel steht und mit wem sie hier eine neue Kooperation eingehen wollen."
7466032866552565014,Drei Fragen an die #verbraucherzentrale Sachsen!  #fyp #fragen #antwort #politik #verbraucher #arbeitnehmer #netto #brutto #leipzig #sachsen ,2025-01-31 11:00:43,DE,0,834,6,0,7466032859644562199,"['fyp', 'sachsen', 'leipzig', 'antwort', 'fragen', 'netto', 'brutto', 'politik', 'verbraucher', 'arbeitnehmer', 'verbraucherzentrale']",holgermannle,,,"was ist das Thema, an dem die Verbraucherzentrale Sachsen grad am meisten arbeitet? wir hatten viele multiple Krisen, die energiepreiskrise, wir haben eine unglaublich hohe Inflationsrate gehabt und das macht was mit den Menschen. die Menschen haben weniger Geld im Portemonnaie und daraus ergeben sich ne Menge Alltagsprobleme und die versuchen wir im kleinen zu l√∂sen. das kann der Kredit sein, das kann der energievertrag sein, das sind wir gro√ü, das ist die verbrauchersicht, euer Schwerpunkt. aber wenn es darum geht, Botschaften an die Politik zu bringen, was ist da grad die gr√∂√üte Herausforderung, die hei√üeste debatt? ja, bei den vielen, vielen Krisen. 1. nich vergessen, wir haben n Klimawandel und wir haben ne energiepreiskrise und die ist nicht weg. also da bitte dran bleiben. ich glaube, die Verbraucher m√ºssen sich noch sehr umstellen und wir brauchen dort ne rechtliche Sicherheit und auch ne F√∂rderung und die bisherige F√∂rderung ist gut. bitte fortsetzen. und wenn sie jetzt n Wunsch frei h√§tten an den bundestagsabk√ºrmern, holgermann, was w√ºrden sie dem mitgeben? nachbind. ja da h√§tt ich den Wunsch, dass er wirklich auch wie bisher nah an den verbrauchschutz Themen dran bleibt und dann gegebenenfalls auch daf√ºr sorgt, dass der verbrauchschutz nicht untergeht. denn wir haben das Risiko, das bei den richtigen Hammer Themen, ich will ja nur mal Verteidigung nennen wie n bisschen untergehen. also verbrauchschutz ist super wichtig, weil das ist nah bei den Menschen. vielen Dank, gerne, viel Erfolg.
"
7473123488488819990,Olaf Scholz geht klar als Gewinner aus diesem Quadrell!  #spd #scholz #olaf #politik #quadrell #tv #kanzler #wahlen #noafd #sachsen #leipzig #fyp #news ,2025-02-19 13:35:57,DE,0,980,85,7,7473123489944210198,"['tv', 'olaf', 'news', 'fyp', 'spd', 'sachsen', 'leipzig', 'politik', 'kanzler', 'wahlen', 'scholz', 'noafd', 'quadrell']",holgermannle,,,"die Sozialdemokraten haben das preiswerteste Programm, ja, aber auch nur im Wahlkampf, oder? ja? nein, wir sind so, wir k√∂nnen mit Geld Stromrechnung aller Unternehmen Aus dem steuerhaushalt √ºbernehmen. das schlagen sie vor, wir kaufen Gas auf Staatskosten 1 schlagen sie vor, wir kaufen Kohle auf Staatskosten 1 schlagen sie vor, wir kaufen √ñl auf Staatskosten 1. das nenn ich mal n Konzept. und dann schenken wir das den Leuten. super Konzept, gro√üartig ausgedacht, ganz toll, Herr Scholz. Herr Scholz, f√ºr Wen wollen sie eigentlich hier Wahlkampf machen? sie haben ihre eigenen, also nicht f√ºr sie, das ziemlich offensichtlich. sie haben ihre eigenen W√§hler verraten. sie weichen jetzt schon wieder Aus, Frau Weidel. sie haben kein Konzept. ich hab eben gesagt, sie haben hei√üe Luft verbreitet, und jetzt machen sie noch mehr hei√üe Luft.
"
7472662811173326102,"‚ÄûCDU, CSU und AfD wollen die Reichen am st√§rksten entlasten. Die SPD nicht!  Wir entlasten 95% der B√ºrger, die Mitte und alle die k√§mpfen m√ºssen, um √ºber die Runden zu kommen.  Weil das gerecht ist!  ‚û°Ô∏è mehrfuerdich.spd.de #MitteStattMerz #BTW2025 #BTW25 #NoAfD #SPD #Leipzig #sachsen #cdu #wahlen #politik #fyp #news #netto #gehalt #verdienst #arbeit ",2025-02-18 07:48:23,DE,0,901,63,6,7472662799677360918,"['news', 'fyp', 'arbeit', 'spd', 'sachsen', 'leipzig', 'cdu', 'netto', 'politik', 'verdienst', 'wahlen', 'gehalt', 'noafd', 'btw25', 'btw2025', 'mittestattmerz']",holgermannle,,,"was sagen CDU und AfD zur Entlastung der Bev√∂lkerung? mit beiden Parteien bleibt von mittleren und niedrigen Einkommen kaum mehr. aber die topverdiener haben daf√ºr k√ºnftig bis zu 20.000 Euro mehr in der Tasche. und die SPD entlastet 95 Prozent der Bev√∂lkerung und nimmt das oberste Prozent etwas mehr in die Pflicht. darum am 23.februar beide Stimmen, SPD, mehr f√ºr dich, besser f√ºr Deutschland. SPD, soziale Politik f√ºr dich.
"
7472367007233494294,In 7 Tagen SPD w√§hlen! Wir entlasten Dich!  Damit das Leben wieder lebenswert wird. #lebenswert #wahlen #wahl #politik #rente #studium #firma #netto #bildung #kita #schule #leipzig #sachsen #fyp #news #plakatieren ,2025-02-17 12:40:26,DE,24,26812,1362,459,7472367012021291798,"['news', 'fyp', 'wahl', 'kita', 'schule', 'sachsen', 'leipzig', 'studium', 'firma', 'netto', 'bildung', 'politik', 'lebenswert', 'rente', 'wahlen', 'plakatieren']",holgermannle,,,"in nur 7 Tagen ist schon Bundestagswahl und die CDU, die, die will Million√§r entlasten. und ich m√∂chte mehr Bildungschancen f√ºr deine Kinder. ich will, dass es deiner Firma gut geht. ich will, dass du dir dein Studium leisten kannst. ich will, dass Bus und Bahn p√ºnktlich sind.  und ich will mehr Rente f√ºr dich. du willst das auch? dann geh w√§hlen. am 23. Februar. w√§hle eine Partei, die sich f√ºr dich einsetzt. die 95 Prozent der Menschen entlasten will. die bessere Bildungschancen, eine gute Wirtschaft und bessere L√∂hne will. Wie die SPD. so."
7471241001718353174,Geh w√§hlen und entscheide mit!  23. Februar in deinem Viertel. #w√§hlengehen #wahlen #fyp #los #news #politik #gehw√§hlen #kanzler #duell #merz #scholz ,2025-02-14 11:50:58,DE,2,1013,26,0,7471241011061410582,"['los', 'news', 'fyp', 'duell', 'merz', 'politik', 'kanzler', 'wahlen', 'scholz', 'gehw√§hlen', 'w√§hlengehen']",holgermannle,,,"hinter Mir am Deutschen Bundestag sind die gro√üenn Debatten dieser Legislaturr nun Lange geschlagen. jetzt seid ihr dran, die W√§hlerinnen und W√§hler entscheiden, wer unser Land in die n√§chste Zeit f√ºhrt. wir haben unser inhaltliches Angebot unterbreitet. wir wollen gute L√∂hne, sichere Arbeit, wir wollen mehr Netto vom brutto und wir wollen dieses Land weiter modernisieren. Ein weltoffenes Land, in dem sich aber auch jeder und jeder sicher f√ºhlen kann. und ihr als W√§hlerinnen und W√§hler entscheidet, wer da hinten im Kanzleramt Platz nehmen wird; OB es jemand ist wie Olaf Scholz mit Erfahrung, mit Haltung, der verl√§sslich unser Land lenkt oder wie der Oppositionsf√ºhrer, der noch nie regierungserfahrung hatte und hitzk√∂pfig durch die Welt geht. deshalb ihr geht w√§hlen, ihr entscheidet!"
7470911403990224151,Bessere Bildung und mehr Netto vom Brutto f√ºr Leipzig!  #bildung #wahlen #leipzig #sachsen #madeingermany #wirtschaft #uni #fyp #news #update #netto #geld #ausbildung #baf√∂g #unileipzig ,2025-02-13 14:31:55,DE,1,831,65,3,7470911409493854998,"['uni', 'update', 'news', 'fyp', 'madeingermany', 'geld', 'sachsen', 'leipzig', 'ausbildung', 'netto', 'wirtschaft', 'bildung', 'wahlen', 'unileipzig', 'baf√∂g']",holgermannle,,,"Leipzig ist eine Bildungs und hochschulstadt, denn das sieht man nicht nur hier von meiner alten Alma mater, der Universit√§t Leipzig. und da ist noch mehr drin. deswegen wollen wir investieren mit einem made in Germany Bonus und der steuerlichen forschungsf√∂rderung in mehr Innovation. wir wollen √ºber n deutschlandfong erm√∂glichen, dass in Bildungseinrichtung und Forschungsgeb√§ude investiert wird. und wir wollen vor Allen Dingen in Menschen investieren. das sind die Fachkr√§fte von morgen. und deswegen wollen wir das barfick erh√∂hen. wir wollen den meisterbonus einf√ºhren und jeden eine Ausbildung erm√∂glichen. die Inflation hat in den letzten Jahren dazu gef√ºhrt, dass die Preise steigen und das Leben f√ºr viele Menschen schwerer geworden ist. das wollen wir ihnen einfacher machen, zum Beispiel indem wir die Mehrwertsteuer auf Lebensmittel senken. Butter, Eier, Milch, Kartoffeln und anderes wie Fleisch sind in den letzten Jahren massiv teurer geworden. deshalb wollen wir die Mehrwertsteuer auf 5 Prozent senken. und wir wollen eine echte einkommenssteuerreform. wir wollen, dass die Menschen wieder mehr Netto vom brutto in der Tasche haben. deswegen m√∂chten wir alle entlasten, die weniger als 7.000 Euro verdienen, vor Allen Dingen Familien. und daf√ºr sollen die, die mehr als 7.000 Euro im Monat verdienen, etwas mehr Zahlen. das ist gerecht, das ist sozialdemokratisch. f√ºr Leipzig habe ich die letzten 4 Jahre im Deutschen Bundestag gearbeitet und unter anderem 20 Projekte mit etwa 30 Millionen Euro F√∂rderung eingebogen. da will ich weitermachen und f√ºr euch dran bleiben. und wenn du das auch willst, dann w√§hl am 23.februar. Holger Mann und die SPD.
"
7470519245395348758,"Kurz vor der Bundestagswahl haben sich mehr als 50 Betriebsr√§te gro√üer Unternehmen f√ºr Bundeskanzler Olaf Scholz (SPD) ausgesprochen. ‚ÄûDie Interessen und Forderungen der Besch√§ftigten in der Automobilindustrie sind bei Olaf Scholz und der SPD am besten aufgehoben‚Äú, sagte Mitunterzeichnerin und VW-Betriebsratschefin Daniela Cavallo dieser Redaktion. ‚ÄûKeine Partei hat uns bei Volkswagen in den vergangenen Jahren so intensiv begleitet wie die SPD und sich so sehr um die Zukunft der Arbeitspl√§tze in der Automobilindustrie bem√ºht.‚Äú Zu den Unterst√ºtzern des Aufrufs geh√∂ren unter anderem die Betriebsr√§te von Continental, der Deutschen Post, Bayer, der Deutschen Telekom, Siemens oder Mercedes-Benz. - Berliner Morgenpost  @SPD @TeamBundeskanzler @Olaf Scholz @SPD im Bundestag  #leipzig #sachsen #betriebsrat #arbeiter #arbeitnehmer #wahlen #kanzler #scholz #politik #gehw√§hlen #firmen #olaf ",2025-02-12 13:10:10,DE,5,3622,145,175,7096858059892328450,"['olaf', 'sachsen', 'leipzig', 'politik', 'kanzler', 'wahlen', 'firmen', 'scholz', 'arbeiter', 'gehw√§hlen', 'arbeitnehmer', 'betriebsrat']",holgermannle,,,
7470511640430038294,Wie sieht die letzte Plenarwoche in dieser Legislatur aus?  #leipzig #sachsen #politik #bundestag #fyp #news #update #wahlen #¬ß218 #mybodymychoice #schwanger #selbstbestimmung #frauen ,2025-02-12 12:40:39,DE,0,834,14,0,7470511639457811222,"['update', 'news', 'fyp', 'frauen', 'sachsen', 'leipzig', 'schwanger', 'politik', 'mybodymychoice', 'bundestag', 'wahlen', 'selbstbestimmung']",holgermannle,,,"n kurzes hallo Aus der vermutlich k√ºrzesten Plenarwoche dieser Legislatur, n√§mlich der letzten. wir treffen uns heute im Ausschuss, um Paragraph 218, die strafbarkeitsstreichung noch anzuh√∂ren und dann zu ner fraktionssitzung, um morgen noch mal in den generaldebatte und Aussprache zu gehen. das w√§re es dann auch schon f√ºr diese blinderwoche, wenn nicht wie so h√§ufig, kurzfristig noch Dinge auf die Tage zu bringen. erstmal liebe Gr√º√üe Aus Berlin und f√ºr euch kleinen Blick in den h√§uten doch durch Aus sonnigen Berliner Himmel.
"
7469833026172701974,Damit ungewollt Schwangere selbst entscheiden k√∂nnen! #mybodymychoice  #politik #¬ß218 #schwanger #schwangerschaft #selbstbestimmung #frauen #frauenrechte #abtreibung #fyp #news,2025-02-10 16:47:18,DE,0,1055,117,2,7469833033795029782,"['news', 'fyp', 'frauen', 'schwanger', 'politik', 'mybodymychoice', 'frauenrechte', 'schwangerschaft', 'selbstbestimmung', 'abtreibung']",holgermannle,,,es wird Zeit dass die Strafbarkeit von Schwangerschafts -abbr√ºchen gestrichen wird da hatten sich ja fast alle SPD und gr√ºnen Abgeordneten aber auch Abgeordnete von FDP und Union auf den Weg gemacht nach √ºber 50 Jahren Debatte und auch langwierigem Prozess im Bundestag diese Strafbarkeit Aus dem deutschen Strafgesetzbuch zu streichen und zugleich wollen wir die medizinische Versorgung von Frauen verbessern jetzt h√∂rt sich das alles Anders an CDU FDP und AfD die Koalition Kennen wir ja inzwischen schon wollen diesen Gesetzentwurf verhindern ich aber hoffe dass gute Argumente heute √ºberzeugen und wir dann morgen da dr√ºben im Deutschen Bundestag am letzten plenartag dieser Legislatur diesen Gesetzentwurf beschlie√ütt
7469776805797432598,15‚Ç¨ Mindestlohn jetzt! Faire Bezahlung f√ºr Dich!  #sachsen #leipzig #fyp #mindestlohn #news #politik #w√§hlen #olafscholz #scholz #spd ,2025-02-10 13:09:10,DE,0,456,29,9,7469776821921647382,"['news', 'fyp', 'spd', 'sachsen', 'leipzig', 'politik', 'scholz', 'mindestlohn', 'w√§hlen', 'olafscholz']",holgermannle,,,
7474274784197545238,Unser Steuerkonzept ist durchgerechnet und solide die #cdu und die #noafd haben da noch keine gro√üe Idee.  Morgen sozial und demokratisch w√§hlen!  #fyp #steuern #geld #news #demo #leipzig #sachsen #markt ,2025-02-22 16:03:32,DE,0,1103,47,8,7474274784224840471,"['demo', 'news', 'fyp', 'geld', 'sachsen', 'leipzig', 'cdu', 'markt', 'steuern', 'noafd']",holgermannle,,,"Holger? Ja? was machst du da, kannst du das einmal bitte erkl√§ren? ich erkl√§r noch mal zu unserer Grafik zum Steuerkonzept der 3 Parteien wie viel Defizit dadurch entsteht, dass wir Menschen entlasten wollen. das SPD Konzept ist gut durchgerechnet, da entstehen grob 8,6 Milliarden Defizit, bei der CDU sieht's ja schon Anders Aus. die k√∂nnen ja angeblich mit Zahlen umgehen, aber lassen nen Defizit entstehen von 96 Milliarden und die AfD, die schl√§gt alle. Die will 150 Milliarden ‚Ç¨ Schulden machen um Menschen zu entlasten, oder eben Sozialleistung k√ºrzen, das wissen wir nicht so richtig, das haben sie nicht gesagt, aber ausgerechnet hat Es das DIW Forschungsinstitut. unser steuerkonzept ist solide das von CDU und AfD...  ja, zerst√∂rt den Sozialstaat so viel ist sicher."
7473833404539211030,"W√§hlt am Sonntag sozial und demokratisch!  Ich will nicht √ºber Migration reden, ich will √ºber Rente, Bildung, Schulen, Lohn, Steuern, Feminismus, queere Rechte, Gesundheitsversorgung und Wissenschaft reden!  #w√§hlengehen #gehw√§hlen #btw25 #wahl #sozial #arbeit #steuern #wirtschaft #bildung #geld #netto #rente #arm #sachsen #leipzig #fyp #news #feminismus #migration ",2025-02-21 11:30:49,DE,0,533,44,6,7473833416220216087,"['news', 'arm', 'fyp', 'geld', 'wahl', 'arbeit', 'sachsen', 'leipzig', 'sozial', 'migration', 'netto', 'wirtschaft', 'bildung', 'rente', 'steuern', 'feminismus', 'gehw√§hlen', 'w√§hlengehen', 'btw25']",holgermannle,,,"ich kann nicht mehr √ºber Migration reden! in 2 Tagen ist Bundestagswahl und deswegen rede ich √ºber die Themen, die fast alle deutschen interessieren. lass uns reden √ºber deine Ausbildung. lass uns reden √ºber deinen Lohn und deine Arbeit. lasst uns dar√ºber reden wie in diesem Land Reichtum fair verteilt wird. lasst uns reden √ºber die Rente und wie wir es schaffen, dass weniger Menschen in diesem Land Arm sind. lasst uns reden √ºber gute Infrastruktur und lasst uns reden, wie wir die Wirtschaft wieder voranbringen. wir wollen den Mindestlohn auf 15 Euro hochsetzen. wir wollen eine einkommensteuerreform, die √ºber 90 Prozent der Deutschen und viel, viel mehr der Sachsen entlastet und wir wollen die Mehrwertsteuer auf Lebensmittel senken, auf 5 Prozent, damit ihr euch ein gutes Leben leisten k√∂nnt. daf√ºr geht am 23. Februar bitte w√§hlen. w√§hle gern demokratisch und sozial, also sozialdemokratisch! "
7473799849427684630,"Sozial und demokratisch, so wie Eure Wahl am Sonntag!  Wir haben ein faires Steuerkonzept. @SPD im Bundestag @SPD-Fraktion Stadtrat Leipzig @Nadja Sthamer #steuern #taxme #wahl #btw25 #politik #leipzig #sachsen #geld #arm #fyp #news ",2025-02-21 09:20:39,DE,6,993,42,27,7473799869522545430,"['news', 'arm', 'fyp', 'geld', 'wahl', 'sachsen', 'leipzig', 'politik', 'steuern', 'taxme', 'btw25']",holgermannle,,,"ja, am Sonntag habt ihr die Wahl, auch die Wahl zwischen unterschiedlichen Konzepten, wie Reichtum in unserem Land verteilt wird und wer Steuern zahlen muss und wer nicht. und die SPD ist daf√ºr, dass alle, die, die weniger als 7.000 Euro im Monat verdienen, entlastet werden, und zwar deutlich. gerade die, die jeden Monat k√§mpfen m√ºssen. und die, die mehr verdienen als 7.000 Euro, die sollen st√§rker zur Kasse gebeten werden, weil das ist sozialdemokratisch und gerecht. ja, deswegen geht es darum, am Sonntag beide Stimmen der SPD zu geben, hier Holger Mann an meiner Seite und auch ich. wir wollen im Bundestag weiterarbeiten daran, dass es gerechter zugeht im Land. und da geht es um die steuerkonzepte. da geht es darum, dass wir die Millionen entlasten und die anderen entlasten Million√§re. wir wollen deswegen die, die mehr als 100.000 Euro im Jahr verdienen, st√§rker besteuern und mit diesem Geld die mittleren und unteren einkommensschichten entlasten, so dass die Menschen √ºber 200 Euro im Monat mehr an der Tasche haben, gerade Familie. und wie sieht's bei den anderen Aus? Wen wollen die entlasten? vor Allen Dingen die reisten 10 Prozent. genauer gesagt will die CDU aber sogar die reichsten 1 Prozent noch mal um 28 Milliarden entlasten. √ºbrigens die AfD um 34 Milliarden. und dreimal d√ºrft ihr raten, die FDP mit √ºber 40 Milliarden wollen sie die reichsten 1 Prozent in Deutschland entlasten. wir haben durchgerechnetes und verl√§ssliches Steuerkonzept, l√§dt uns SPD sozial und demokratisch.
"
7473454081244155158,Wahlkampfendspurt mit @Nadja Sthamer und #saskiaesken .  Am Sonntag demokratisch - sozialdemokratisch w√§hlen!  @SPD-Fraktion Stadtrat Leipzig @SPD im Bundestag  #wahlen #btw25 #politik #vlog #fyp #news #spd ,2025-02-20 10:58:51,DE,2,360,15,8,7473454089645771542,"['news', 'fyp', 'vlog', 'spd', 'politik', 'wahlen', 'btw25', 'saskiaesken']",holgermannle,,,
