id,video_description,create_time,voice_to_text,Topic,partei
"7,45821E+18",Was Chef sagt. ü´≥üèºüé§ #csu #politik #regierungswechsel #s√∂der #markuss√∂der #bayern #mentality #btw25,1736500205,"wir sind der Meinung, Olaf Scholz soll in Pension gehen und uns die Chance geben Deutschland wieder neu aufzustellen, das siegestour in M√ºnchen mit einem eigenen konterfall zu bestrahlen. also das ist sowas von abgehoben und das ist genau die Haltung der Gr√ºnen und auch genau die Haltung von den habe. also ich sage mal, wenn was schnell weg muss, dann ist es das B√ºrgergeld, dann ist es das heizgesetz und dieses d√§mliche cannabisgesetz. das muss weg, liebe Freundinnen und Feinde Bundeskanzler, sie haben irgendwo gesagt, sie seien cooler. das kann nicht sein. ich kenn keinen, der uncooler in Deutschland ist als sie. lieber Scholz, ehrlich. und deswegen finde ich auch, dass keiner, der jetzt in der Regierungsverantwortung an der Spitze war, dass der 1. Mandat bekommen sollte, das zu verl√§ngern. das gilt eben auch f√ºr Robert Habeck.",W,CDU/CSU
"7,45758E+18","Politikwechsel mit Merz statt Pleiten, Pech und Pannen mit Habeck! #seeon #csu #politik #wechsel #politikwechsel #regierungswechsel #dobrindt #bayern #deutschland ",1736352372,"es geht um die Frage, Politikwechsel mit M√§rz oder pleitenpech und Pannen mit Habeck. und genau bei diesen Richtungswechsel steht die Bev√∂lkerung am 23.februar.",W,CDU/CSU
"7,45721E+18","Wir m√ºssen konsequenter und schneller abschieben. Klare Ansage von Innenminister Joachim Herrmann: Wer Straftaten begeht,  muss unser Land schnell verlassen. #politik #migration #herrmann #bayern #deutschland #abschieben ",1736266010,"ja, wir m√ºssen alles daf√ºr tun, dass wir bei dem Thema Abschiebungen, Beendigung des Aufenthalts von Personen, die kein Recht haben, hier zu bleiben, wesentlich schneller vorankommen. und besonders muss die Abschiebung von Kriminellen Leuten beschleunigt werden.
",M,CDU/CSU
"7,45718E+18","Wer Gr√ºn w√§hlt, w√§hlt keinen Politikwechsel! #politik #seeon #dobrindt #politikwechsel #richtungswechsel #deutschland ",1736260499,"jedem muss klar sein, wer gr√ºn w√§hlt, der w√§hlt nicht den Politikwechsel, sondern der gibt seine Stimme der zuk√ºnftigen Opposition.",W,CDU/CSU
"7,45685E+18",Klare Ansagen von @Markus S√∂der auf Kloster Seeon. Wir sind bereit Verantwortung zu √ºbernehmen! #SEEON #markuss√∂der #csu #bayern #deutschland #neustart #btw25,1736182287,,W,CDU/CSU
"7,45634E+18",Happy Birthday an unseren Parteivorsitzenden @Markus S√∂der üéâ #geburtstag #happybirthday #markuss√∂der #gl√ºckw√ºnsche #fyp #bayern #csu ,1736064174,,P,CDU/CSU
"7,45608E+18",Wir ‚ù§Ô∏è #Bayern in #Winter.,1736003189,,P,CDU/CSU
"7,45562E+18","Vielen Dank f√ºr das gro√üe Vertrauen! Die starken Umfrageergebnisse geben R√ºckenwind f√ºr den #Wahlkampf. Wir wollen #Deutschland wieder in Ordnung bringen - f√ºr Stabilit√§t, Sicherheit und Wohlstand. #btw25 #csu #bundestagswahl #bayern #politik",1735895761,,W,CDU/CSU
"7,46153E+18","Wir gratulieren unserem Parteivorsitzenden, Dr. @Markus S√∂der zu sechs Jahren im Amt! #csu #markuss√∂der #politik #politiktiktok #politiktok ",1737271765,,P,CDU/CSU
"7,4602E+18",Ein echtes Highlight ‚Äì die Klausurtagung der @CSU im Landtag Kloster #Banz. Bayern ist Spitzenreiter in vielen Bereichen und das soll auch so bleiben. Deshalb gilt das Motto der Winterklausur: #Vertrauen st√§rken und #L√∂sungen liefern! Das ist unser Kurs f√ºr ein zukunftsstarkes #Bayern.,1736962930,,W,CDU/CSU
"7,45978E+18",Wir bringen Deutschland wieder in Ordnung! üá©üá™ #csu #regierungswechsel #politikwechsel #s√∂der #merz #markuss√∂der #btw25 #politics #politiktiktok #union #politiktok,1736864684,,W,CDU/CSU
"7,45972E+18","Nein, Robert, das machen wir nicht. #habeck #csu #politikwechsel #union #btw25 #tiktok #viral #trend #pepe #fy #fyp #humor #fun",1736851135,,W,CDU/CSU
"7,45933E+18",Wir wollen Deutschland wieder in Ordnung bringen. Deshalb am 23. Februar mit beiden Stimmen CSU w√§hlen! üá©üá™ #btw25 #csu #bayern #deutschland #s√∂der #markuss√∂der,1736759669,"es ist Zeit, dass sich was √§ndert. am 23.februar ist Bundestagswahl. dabei geht es nicht einfach um einen Regierungswechsel, sondern einen Richtungswechsel. nach 3 Jahren gescheiterte amte braucht es einen echten Neuanfang Deutschland kann viel mehr. wir m√ºssen Deutschland wieder in Ordnung bringen. wir m√ºssen Kr√§fte wecken und neue Sicherheit geben. wir m√ºssen zum einen die Wirtschaft wieder St√§rken, damit Arbeitspl√§tze halten werden, damit Menschen gut, sozial, sicher auf Dauer leben k√∂nnen. wir m√ºssen zum anderen die Migration wirksam begrenzen, gerade die illegale Migration. und klar ist dabei auch, die Menschen m√ºssen sich unserem Land wieder daheim f√ºhlen k√∂nnen. und wir m√ºssen die √§u√üere Sicherheit unseres Landes St√§rken, mit einer besseren und st√§rkeren Bundeswehr und mit einer umsichtigen internationalen Politik zusammen mit unseren Verb√ºndeten. das sind unsere Aufgaben, vor denen wir stehen. und dabei haben wir 1 klares Konzept, kein hin und her, kein vor und zur√ºck, sondern eine klare Linie. wir wollen 1 starkes Bayern in einem erstarkten Deutschland. das ist unser Ziel. wenn sie Bayern stark machen wollen, dann kann's eigentlich nur CSU geben und zwar mit der Erststimme und mit der Zweitstimme. keine Stimmen verschenken, alles auf die Bayern Karte setzen. deswegen am 23.februar gemeinsam f√ºr Deutschland, stark f√ºr Bayern, damit unser Land wieder nach vorne kommt.",W,CDU/CSU
"7,46538E+18",Die Migrationspolitik des Bundeskanzlers ist eine Politik der leeren Versprechen! #politik #migration #bundestag #dobrindt #deutschland ,1738169729,"Herr Bundeskanzler, ihre migrationspolitik ist eine Politik der leeren Versprechen, sagt das auch sehr deutlich. sie haben Abschiebungen im gro√üen Stil versprochen, dieses Versprechen haben sie gebrochen. sie haben eine Beschleunigung der Asylverfahren versprochen, dieses Versprechen haben sie gebrochen. sie haben Abschiebung von Straft√§tern und Gef√§hrdern nach Afghanistan und Syrien versprochen. dieses Versprechen haben sie gebrochen. das ist ihre Bilanz. und mit dieser Bilanz wollen sie so umgehen, dass sie die Schuld jetzt auf einen Beh√∂rden Versagen schieben. meine Damen und Herren, was in erschaffenburg, in Magdeburg, in Solingen an schrecklichen Gewalttaten stattgefunden hat, h√§tte √ºberall passieren k√∂nnen. deswegen gibt es Verunsicherung, Sorgen, Trauer, Wut √ºber im Land und die Menschen. sie sprechen nicht √ºber beh√∂rdenversagen, sie sprechen √ºber Politikversagen. und deswegen an SPD und gr√ºne, h√∂ren sie auf zu lamentieren, dass die falschen hier etwas richtigen zustimmen fangen sie endlich an, das Richtige zu tun. das Problem Problem ist nicht die Zustimmung der AfD. das Problem ist ihre verweigung von SPD und Gr√ºnen zu unseren Antr√§gen.
",M,CDU/CSU
"7,46537E+18","Die Ampel muss ihre Politik korrigieren, damit die Polarisierung in Deutschland zur√ºckgeht. #politik #ampel #deutschland #migration #dobrindt #bundestag ",1738167436,"sie, liebe SPD, gr√ºne, FDP, sie m√ºssen ihre Politik korrigieren. wenn sie rechts au√üen bek√§mpfen wollen, m√ºssen sie ihre Politik korrigieren, damit die polarisierung zur√ºckgeht in diesem Land.
",M,CDU/CSU
"7,46536E+18",Klare Worte unsers Spitzenkandidaten Alexander Dobrindt heute im Bundestag: Ich bin es leid. Die B√ºrger sind es leid! #politik #bundestag #migration #dobrindt #deutschland #b√ºrger ,1738165492,"heute, Herr Bundeskanzler, haben sie wieder geredet, und zwar nicht √ºber das, was sie jetzt tun m√ºssten, sondern dar√ºber, was ihrer Meinung nach wir nicht tun sollen. Herr Bundeskanzler, ich will ihnen sagen, ich bin es leid. die B√ºrger sind es leid, das immer gleiche Ritual, das immer wiederkehende Ritual bei schwersten Verbrechen, erst betroffenheitsritorik, dann Warnung vor Reaktionen, dann √úbergang zur Tagesordnung. die Menschen sind es leid in unserem Land, und deswegen gehen wir nicht mehr √ºber zur Tagesordnung.
",M,CDU/CSU
"7,46532E+18",Wir sind das Bollwerk gegen Antisemitismus und die AfD. #maischberger #markuss√∂der #s√∂der #politik #deutschland ,1738155967,"wir empfinden uns, auch ich ganz pers√∂nlich als bolberg gegen Antisemitismus, gegen AfD. und es w√§re 1 schwerer Fehler, nur weil eine AfD andeutet, sie ist f√ºr etwas richtiges, dann etwas Falsches zu tun.",W,CDU/CSU
"7,46527E+18","Unser Spitzenkandidat zur Bundestagswahl, Alexander Dobrindt, macht klar: Das B√ºrgergeld muss weg! Wer arbeitet, muss mehr haben als jemand, der nicht arbeitet. #csu #btw25 #politik #dobrindt",1738143705,"immer mehr Menschen befinden sich im B√ºrgergeld und das ist doch eines der gr√∂√üten Fehler. wir wollen doch, dass Menschen ne Chance auf Arbeit haben und das B√ºrgergeld verhindert diese Chance auf Arbeit und deswegen sind wir dabei das auch wieder grundlegend zu √§ndern.
",S&A,CDU/CSU
"7,46458E+18",Wir machen den #F√ºhrerschein wieder billiger! üöó #csu #politik #bundestagswahl #btw25 #auto #mobilit√§t #markuss√∂der #bayern #deutschland,1737984038,"der F√ºhrerschein ist viel zu teuer geworden. deswegen haben wir uns 3 Dinge √ºberlegt, wie dein F√ºhrerschein wieder bezahlbar wird. wir wollen fahrsimulatoren f√∂rdern, denn 1 ist klar, sie sind g√ºnstiger als einfache Fahrstunden von Fahrlehrer zu Fahrpr√ºfer. das wollen wir erleichtern und so k√∂nnen wir auch das Angebot ausweiten. ihr habt vielleicht auch schon davon geh√∂rt, dass wir die werbpflicht wieder einf√ºhren wollen und daf√ºr soll es Anreize geben, n√§mlich Zusch√ºsse f√ºr deinen F√ºhrerschein. du willst wissen, was die CSU f√ºr uns Junge Menschen macht? dann schauen unser Bayern Programm.",W&F,CDU/CSU
"7,46453E+18","Unser Spitzenkandidat zur Bundestagswahl Alexander Dobrindt mit klaren Worten im Bericht aus Berlin: Es geht darum, das Richtige zu tun. Wir m√ºssen die Migrationspolitik wieder vom Kopf auf die F√º√üe stellen! #politik #migration #migrationspolitik #dobrindt #deutschland #bayern #bundestagswahl #btw25",1737971700,"ich h√∂re zurzeit das Geschrei von der ganzen linken Seite √ºber die Frage wie eine AfD abstimmt mit Verlauf. das ist Mir vollkommen egal. wir wollen das richtige an dieser Stelle tun sie nicht darum immer irgendwie zu fragen, was machen die falschen in diesem Land? nein, es geht darum das Richtige zu tun. und ich akzeptiere nich, dass SPD und Gr√ºnen, die ma√ügeblich daf√ºr gesorgt haben, dass die AfD immer gr√∂√üer geworden ist in diesem Land, jetzt auch noch meinen uns vorschreiben zu wollen, welche Politik wir vertreten d√ºrfen als Union in Deutschland. wir werden unsere Antr√§ge stellen, die f√ºr unsere √úberzeugung richtig ist und die das Land jetzt braucht. es is 1 Angebot an SPD, an gr√ºnen und FDP endlich ihren Irrweg zu beenden und mit uns einen Kurs einzuschlagen, der die migrationspolitik wieder vom Kopf auf die F√º√üe stellt.",M,CDU/CSU
"7,46346E+18","Die Heuchelei der Gr√ºnen ist unertr√§glich. Jahrelang wurden von ihnen #Abschiebungen und strengere Regeln bei der #Migration bek√§mpft, nur um jetzt mit dem Finger auf andere zu zeigen. Es braucht jetzt endlich eine Wende bei der Migration, daf√ºr stehen wir. @Martin Huber #CSU #martinhuber #keinschwarzgr√ºn #politikwechsel #Migrationswende #asylwende #aschaffenburg",1737721961,"die Heuchelei der gr√ºnen ist unertr√§glich. Die Gr√ºnen fragen jetzt, warum es keine Abschiebungen nach Afghanistan gibt. es sind die gleichen Gr√ºnen, die seit Jahren gegen Abschiebungen nach Afghanistan demonstrieren. es sind die gleichen Gr√ºnen, die seit Jahren Abschiebungen versuchen zu verhindern. es sind die gleichen Gr√ºnen, die jetzt dadurch versuchen, von dem Versagen der Ampel abzulenken. und deswegen ist v√∂llig klar, Die Gr√ºnen, sie haben nichts gelernt. es braucht jetzt wirkungsvolle Ma√ünahmen, einen grundlegenden wechsel in der migrationspolitik. es braucht Kontrollen der Grenzen, zur√ºckweisungen an den Grenzen, es braucht 1. abschiebewahrsam und es braucht Abschiebungen nach Syrien und nach Afghanistan.",M,CDU/CSU
"7,46277E+18","Wir trauern um die Opfer der schrecklichen Tat von Aschaffenburg. Unser Parteivorsitzender, Ministerpr√§sident Dr. Markus S√∂der: ‚ÄûHeute ist ein entsetzlicher Tag f√ºr ganz Bayern. Wir beten f√ºr die Opfer und ihre Angeh√∂rigen. Bayern steht in diesen schweren Stunden zusammen.‚Äú #aschaffenburg ",1737562325,,S&A,CDU/CSU
"7,46234E+18","Das #B√ºrgergeld ist sozial ungerecht! Wer hart #arbeitet, muss deutlich mehr haben als der, der nicht arbeitet. #markuss√∂der #csu #politik #klartext #ampel #bundestagswahl #deutschland #bayern ",1737461211,"es kann doch nicht sein, dass jemand, der hart arbeitet, mit all den Leistungen zusammen gerechnet werden, am Ende Netto ungef√§hr genauso viel bekommt wie jemand, der nicht arbeitet. und deswegen muss der grundsatzgeld in doppelter Weise. wer arbeitet, muss mehr haben als der nicht dabei. und ich sage deutlich, von einer Leistung soll auch nur wenige k√ºnftig profitieren, der nicht nur neu im Land ist, sondern der schon einige Jahre einbezahlt hat in soziale Kassen. sonst ist es unfair.
",S&A,CDU/CSU
"7,46227E+18",Unser Spitzenkandidat Alexander Dobrindt trifft es auf den Punkt: Die ‚Äûganz normalen Leute‚Äú wollen immer weniger die SPD w√§hlen. #politik #csu #dobrindt #w√§hlen #wahl #bundestag #bayern #spd #berlin #,1737445467,"mit Blick auf dem was ich √§hm beim SPD Parteitag erlebt habe, ich wei√ü nich, wenn sie die Rede verfolgt haben von Olaf Scholz. er hat gef√ºhlt 50 mal in dieser rede von den ganz normalen Leuten gesprochen. die ganz normalen Leute m√ºssen mitgenommen werden beim Klimaschutz hat er gesagt, die ganz normalen Leute sind die Mehrheit in Deutschland und werden es immer sein. das waren die Worte von Olaf Scholz und deswegen will ich ihm sagen, die ganz normalen Leute, die wollen aber nich j√§hrliche Geschlecht wechseln, die wollen nicht, dass Cannabis legalisiert wird, die wollen ihre Heizung behalten und die wollen, dass die illegale Migration nicht ihr Land ver√§ndert. das wollen die ganz normalen Leute und deswegen wollen ganz normale Leute immer weniger die SPD w√§hlen.",W,CDU/CSU
"7,46953E+18","Starker Auftritt unseres Kanzlerkandidaten Friedrich Merz im TV-Duell! Klare Konzepte, bessere Argumente, souver√§nes Auftreten: ein glasklarer Sieg und R√ºckenwind f√ºr die letzten beiden Wochen des Wahlkampfs! #btw25 #merz",1739135414,,W,CDU/CSU
"7,46934E+18",POV: Du lebst in der S√∂der Era ü§©üî• #markuss√∂der #S√∂der #Union #csu #friedrichmerz #Politikwechsel #BTW25 #cducsu,1739091560,,P,CDU/CSU
"7,46905E+18","Das war unser kleiner Parteitag aus #N√ºrnberg üöÄ Unser Parteivorsitzender @Markus S√∂der hat heute klar gemacht: Wir werden #Deutschland wieder in Ordnung bringen, wir werden #Bayern dabei st√§rken und alles daf√ºr tun, dass Friedrich #Merz Kanzler wird! Deshalb am 23. Februar mit beiden Stimmen CSU - oder schon jetzt per #Briefwahl w√§hlen. #csupt25",1739024866,nur die CSU spricht f√ºr Bayern. nur die CSU kann in Deutschland f√ºr Bayern was √§ndern.,W,CDU/CSU
"7,46905E+18","CSU-Parteitagsbingo ‚Äì mal sehen, welche Begriffe heute nicht fehlen durften. Nat√ºrlich als Bayernedition! üî∑üí™üèº #csupt25 #Parteitagsbingo #StarkesBayern #csu #bundestagswahl",1739023040,unsere Schwesterpartei hat es uns vorgemacht und auch am CSU Parteitag gibt es Klischees. deshalb kommt jetzt das parteitagsbingo Bayern Edition.,P,CDU/CSU
"7,46902E+18",CSU-Parteitag? Eine glatte 10/10! üòé #csu #parteitag #rating #csupt25 #markuss√∂der #friedrichmerz #union #bundestagswahl,1739016156,,P,CDU/CSU
"7,46867E+18",Vielen Dank f√ºr das gro√üe Vertrauen! Die starken Umfrageergebnisse geben R√ºckenwind f√ºr die letzten beiden Wochen bis zur Bundestagswahl. Wir werden Deutschland wieder in Ordnung bringen! Deswegen am 23. Februar mit beiden Stimmen CSU w√§hlen! #BTW25,1738935116,,W,CDU/CSU
"7,46861E+18",Die illegale #Migration √ºberfordert #Deutschland. Wir m√ºssen handeln und entschieden dagegen vorgehen! Unser Land braucht einen klaren #Richtungswechsel - und zwar jetzt! ,1738921414,"wir haben eine √úberforderung in unserem Land, wir stellen die fest. das sind nicht nur die Kommunen, das √§h, stellt man in vielen anderen Bereichen heute ja auch fest. es gibt bei ihnen in der Partei Menschen, die sagen, diese illegale Migration, die hat mit dem Alltag der Menschen nichts zu tun. die Realit√§t ist aber, dass der Alltag der Menschen mit der illegalen Migration st√§ndig konfrontiert ist. im Kindergarten, in der Schule, am Bahnhof, am Marktplatz. ja, ganz selbstverst√§ndlich ist das heute Teil und hat Einfluss auf diese Gesellschaft. und deswegen muss man gegen diese √úberforderung angehen.
",M,CDU/CSU
"7,46792E+18","Meanwhile im Willy-Brandt-Haus... Olaf #Scholz hat als Kanzler versagt. Das sieht auch die #SPD-Spitze so und wollte ihn nicht als #Kanzlerkandidat. Verst√§ndlich, wenn man die Regierungsbilanz betrachtet: Wirtschaftsflaute, Migrationschaos und Erinnerungsl√ºcken. Deshalb am 23. Februar mit beiden Stimmen CSU! #csu #politics #politiktiktok #politiktok #union #btw25 #politikwechsel #regierungswechsel #olafscholz",1738760633,,W,CDU/CSU
"7,46757E+18","Nach weniger als einem Tag wurden die 10 Mini-Ma√ünahmen von Robert #Habeck f√ºr die #Migration bereits von den Parteilinken einkassiert. Das zeigt erneut: Ein #Politikwechsel ist mit den Gr√ºnen nicht m√∂glich, eine Wende bei der Migration gibt es nur mit der #Union und ohne Schwarz-Gr√ºn! #keinschwarzgr√ºn #BTW25 #Bundestagswahl #Politikwechsel #Migrationswende",1738679203,,M,CDU/CSU
"7,46751E+18","Markus #S√∂der on üî• Gemeinsam f√ºr ein starkes Deutschland, f√ºr den #Politikwechsel, f√ºr Friedrich #Merz als #Kanzler! Am 23. Februar beide Stimmen f√ºr #CDU und #CSU! #cdupt25 #keinschwarzgr√ºn #Politik #Bundestagswahl #BTW25 #markuss√∂der #friedrichmerz #wiedernachvorne #cducsu",1738664722,"Five, Scholz ist m√ºde, Habeck ist gebrochen, die k√∂nnen nichts mehr. aber Friedrich Merz, das kann ich euch sagen, hat Power, hat Kraft. sie werden kaum 1 industrieverband, keinen Wirtschaftsverband, kaum einen Unternehmer finden, der Robert Habeck qualifiziert h√§lt als Bundeskanzler, als Wirtschaftsminister oder sei es sogar als Staatssekret√§r. au√üer Sp√§√üen nichts gewesen. der Mann war sein Geld nicht wert. nein, nein, nein zu jede Form der Zusammenarbeit mit der AfD. wir werden sie bek√§mpfen. liebe Freunde und Freunde, Gott sch√ºtze unser Vaterland, damit wir eine gute Zukunft haben. herzlichen Dank, alles Gute Gl√ºck aufeinander!",W,CDU/CSU
"7,47319E+18",Wichtigstes To Do der Woche:  Am Sonntag mit beiden Stimmen #CSU w√§hlen! ‚úÖ #wahl #deutschland #union #btw25 #stimme #w√§hlen #politikwechsel #union #fy #fyp #fun #politik #politiktok,1739988694,,W,CDU/CSU
"7,47311E+18",Keine halben Sachen - am 23. Februar mit beiden Stimmen CSU! #bundestagswahl #bayern #mitbeidenstimmenCSU #csu #btw25,1739969885,"so, 2 halbe H√§nde f√ºr euch, lasst's euch schmecken. ah Deutschland ja noch √ºber Zettel und noch 1 bisschen Bier in der Wirtschaft hat ganz knallige Sachen, aber politisch brauchen wir keine R√ºben Sachen, ne? bei der Bundestagswahl geht's n√§mlich ums ganze. deswegen beide Stimmen f√ºr die CSU ist ekelhaft. was denn sonst? Prost Martin, Prost Alex!",W,CDU/CSU
"7,47309E+18","Die ideologiegetriebene #Energiepolitik der #Ampel gef√§hrdet unseren Wirtschaftsstandort und f√ºhrt zur #Deindustrialisierung. F√ºr uns ist klar: Energie muss bezahlbar, sicher und sauber sein! Mit Technologieoffenheit, Forschung und Entwicklung sichern wir den Wohlstand unseres Landes. #bayern #csu #fyp #fy #bundestagswahl ",1739963466,"Plot Twist, die Ampel hat den teuersten energiefehler aller Zeiten gemacht. und rate mal, wer am Ende die Rechnung bezahlt? genau du! die CSU hat einen klaren Plan f√ºr bezahlbare und sichere Energie in Bayern und Deutschland. denn was die Ampel da macht, ist pure Ideologie und gef√§hrdet unseren Wohlstand. lass uns mal ehrlich sein, der √ºberst√ºrzte Atomausstieg war 1 riesen Fehler. w√§hrend L√§nder wie Frankreich auf moderne, sichere Kernkraft setzen schaltet die Ampel bei uns alles AB. das treibt die Preise und schadet dem Klimaschutz. unser Konzept ist Anders, wir investieren in Forschungen und kooperieren mit Nachbarl√§ndern bei der Kernkraft und der Kernfusion. gleichzeitig treiben wir den Ausbau erneuerbarer Energien voran, aber mit Vernunft statt verboten. und das beste, wir geben dir das Geld Aus der CO 2 B preisung zur√ºck durch niedrigere Strompreise und halbierte netzentgelte. das bedeutet mehr Geld in deiner Tasche. die Ampel will dir vorschreiben, wie du heizen sollst. wir setzen auf Technologie, Offenheit und F√∂rderung statt Zwang. denn nur gemeinsam mit den Menschen gibt's Klimaschutz. du willst auch bezahlbare und sichere Energie? dann like dieses Video und w√§hle am 23.februar die CSU. gemeinsam k√∂nnen wir die verfehlte Energiepolitik der Ampel stoppen.",U&E,CDU/CSU
"7,47271E+18","Die Mieten sind f√ºr viele Menschen zu hoch, das Bauen ist gerade f√ºr die junge Generation unerschwinglich geworden. Das muss sich √§ndern. Wir als CSU haben einen Plan: mehr, schneller und g√ºnstiger bauen. F√ºr bezahlbares Wohnen am 23. Februar oder jetzt schon per Briefwahl mit beiden Stimmen die CSU w√§hlen. #bundestagswahl #bayern #wohnen #mieten #fyp #trendingpolitics #fy",1739876037,"du willst endlich eine eigene Wohnung, aber die Mieten sind so teuer und bauen kannst du dir erst recht nicht leisten? wir von der CSU verstehen dich und haben einen Plan stell dir vor, du findest eine bezahlbare Wohnung oder kannst dir sogar 1 eigenes Haus leisten. klingt unm√∂glich? ist es nicht. wir setzen uns daf√ºr 1 dass bauen g√ºnstiger wird. wie? ganz einfach, weniger B√ºrokratie, weniger unn√∂tige Vorschriften. dazu gibt's von uns einen fetten Bonus, wenn du zum 1.. mal eine Immobilie kaufst, um selbst dran zu leben, bekommst du 250.000 Euro Freibetrag f√ºr die Grund der werbsteuer. mit Partner und Kindern sogar noch mehr. beim Verkehr ist eines f√ºr uns klar, du entscheidest selbst, wie du von A nach B kommst. bei uns gibt's kein Tempo Limit auf Autobahnen und keine Fahrverbot in Innenstadt. dein Auto bleibt dein Auto und den F√ºhrerschein. den machen wir g√ºnstiger mit weniger B√ºrokratie und modernerer Ausbildung. du tr√§umst vom Eigenheim und w√ºnscht dir eine flexible Mobilit√§t? dann lass 1 Like da und w√§hl am 23.februar mit beiden Stimmen die CSU.",W&F,CDU/CSU
"7,47239E+18","Du m√∂chtest, dass bayerische Interessen weiterhin in Berlin vertreten werden? Das geht nur mit der CSU. Deshalb am 23. Februar oder jetzt schon per Briefwahl beide Stimmen ‚úåüèº f√ºr die CSU. #csu #bayern #beidestimmen #fyp #fy #markuss√∂der #bundestagswahl",1739802013,"hej Markus, ja klar kann ich den Leuten noch mal den Unterschied zwischen der 1.. und 2. Stimme erkl√§ren. ja total. also das irrsinnige ampelwahlrecht. da m√ºssen wir auch noch mal klarstellen, was da eigentlich falsch gelaufen ist. na klar, bis Sonntag tschau. wie du sicherlich wei√üt, hast du bei der Bundestagswahl insgesamt 2 Stimmen, die 1. Stimme und die 2. Stimme. mit der 1. Stimme wirst du deinen gew√ºnschten Direktkandidaten, der auch die Interessen deiner Region im Bundestag vertritt. mit der 2. Stimme wirst du eine Partei. also ist die 2. Stimme auch die parteistimme. sie bestimmt, wie viele sitze eine Partei im Bundestag erh√§lt und damit welche Mehrheitsverh√§ltnisse es im Bundestag geben wird. eine Sache gibt es aber noch, die wir zu diesem irrsinnigen ampelwahlgesetz sagen m√ºssen. bislang war es so, dass der direktkandidat mit den meisten Stimmen auch in den Bundestag eingezogen ist. das ist jetzt nicht mehr so. deswegen ist es ganz wichtig, wenn du nicht willst, dass deine direkte Vertretung deiner Region in Gefahr ist, musst du am 23.februar oder jetzt schon per Briefwahl mit beiden Stimmen die CSU w√§hlen.",W,CDU/CSU
"7,47233E+18","Die illegale Migration ist Deutschland √ºber den Kopf gewachsen! Wir brauchen klare Regeln und konsequentes Handeln. Die CSU steht f√ºr eine wirksame Begrenzung der Migration und mehr Sicherheit f√ºr unsere B√ºrgerinnen und B√ºrger. Wir sorgen wieder f√ºr Ordnung, Entlastung und einen starken Rechtsstaat. #fyp #fy #politik #csu #bayern #migration ",1739788561,"wei√üt du eigentlich, dass t√§glich hunderte Menschen illegal nach Deutschland eintreisen? das k√∂nnen und wollen wir als CSU nicht l√§nger hinnehmen. die Wahrheit ist, die unkontrollierte Zuwanderung ist uns √ºber den Kopf gewachsen. unsere Kommunen sind √ºberfordert bei Kitas Schulen und Wohnraum. das kann so nicht weitergehen. wir von der CSU haben einen klaren Plan, wie wir die illegale Migration stoppen. 1tens, wir f√ºhren das trittstaatenmodell. 1 das bedeutet, wer in Europa asylbeantrag, wird sein Verfahren in einem sicheren trittstaat durchlaufen, nicht innerhalb der EU. 2tens, es wird einen faktischen eindreisestopp geben. wir setzen konsequente Grenzkontrollen und zur√ºckweisungen an Allen deutschen Grenzen durch. 3tens, wer hier straff√§llig wird, muss unser Land sofort verlassen. keine Toleranz f√ºr kriminelle, das sind keine leeren Versprechen. das ist unser Weg zu einem kontrollierten und gerechten einwanderungssystem. denn nur so k√∂nnen wir denen helfen, die wirklich Schutz brauchen. du willst auch, dass sich in Deutschland wieder etwas √§ndert? dann like dieses Video und w√§hle am 23.februar mit beiden Stimmen die CSU!",M,CDU/CSU
"7,47091E+18",Wir f√ºhlen mit allen Opfern des Anschlags in #M√ºnchen und beten f√ºr die Verletzten und alle Angeh√∂rigen. Danke an die #Einsatzkr√§fte f√ºr das schnelle und entschlossene Eingreifen. ,1739456884,,S&O,CDU/CSU
"7,47053E+18",Keine halben Sachen - am 23. Februar mit beiden Stimmen CSU! #politik #bundestagswahl #btw25 #bayern #deutschland #csu,1739369159,"ja, ich sage mal, mit halbe Sachen macht sie doch keinen Stich. da hat sie recht. bei der Bundestagswahl geht's auch ums ganze und deswegen ist und bleibt der einzige Trumpf f√ºr Bayern die CSU. und zwar mit beiden Stimmen f√ºr die CSU. so is.
",W,CDU/CSU
"7,47052E+18","Unser Masterplan zur St√§rkung der Bundeswehr steht: mehr Investitionen, modernste Technologie und mehr Effizienz. Deutschland muss seine Freiheit und die NATO-Grenzen entschlossen sch√ºtzen. Daf√ºr braucht es eine starke Bundeswehr ‚Äì mit der Wiedereinf√ºhrung der Wehrpflicht als zentralem Schwerpunkt. Das geht nur mit einer starken CSU. Deshalb am 23. Februar oder jetzt schon per Briefwahl: Beide Stimmen CSU! #Bundestagswahl #politik #csu #bayern #fyp #fy #bundeswehr",1739366393,"es gibt wieder einen Krieg in Europa und genau deshalb brauchen wir jetzt eine starke Bundeswehr. wir von der CSU sagen ganz klar, wir m√ºssen uns verteidigen k√∂nnen, um uns nicht verteidigen zu m√ºssen. deswegen setzen wir uns f√ºr eine moderne, voll ausgestattete Bundeswehr 1 mit mindestens 2 Prozent unseres brutto inlandsproduks. das hei√üt, neue Ausr√ºstung, moderne thronen und starke Cyberabwehr. Bayern wird hier absolute spitzenstandard f√ºr verteidigungstechnologie. und wir denken noch weiter, eine aufwachsende Wehrpflicht mit attraktiven anheizen wie rentenpunkten und F√ºhrerschein zuschissen. das ist unser Plan f√ºr 1 sicheres Deutschland. denn 1 ist klar Frieden gibt's nicht geschenkt. du willst, dass wir Deutschland stark und sicher machen? dann folge uns und w√§hl am 23.februar die CSU!",I,CDU/CSU
"7,4702E+18",Deutschland ist Schlusslicht beim Wirtschaftswachstum unter allen OECD-Industriestaaten. Es braucht jetzt einen neuen Aufschwung f√ºr mehr Wettbewerbsf√§higkeit und das geht nur mit der CSU. F√ºr eine starke Wirtschaft und sichere Arbeitspl√§tze am 23. Februar oder jetzt schon per Briefwahl mit beiden Stimmen CSU w√§hlen. #Bundestagswahl #CSU #politics #fyp #w√§hlen,1739291769,"du willst wissen, warum Deutschland gerade wirtschaftlich so schlecht dasteht? ich sag's dir, die Ampel hat's verkackt. this is the worst Deutschland ist unter Allen Industriel√§ndern das absolute Schlusslicht beim Wirtschaftswachstum. aber keine Sorge, wir von der CSU haben einen Plan stell dir vor, du bist Unternehmer. was nervt dich am meisten? richtig, zu hohe Steuern und zu viel B√ºrokratie. aber √§h, deswegen wollen wir die Unternehmen steuern auf 25 Prozent senken und den Soli komplett abschaffen. nice, aber das ist noch nicht alles. wir f√ºhren Turbo Abschreibungen. 1. damit die Unternehmen schneller investieren k√∂nnen. und B√ºrokratie, die halbieren wir langfristig einfach f√ºr jede neue Vorschrift m√ºssen. 2. alte weg. das ist mal konsequent. wei√üt du, was das Beste ist? wir setzen auf unsere St√§rken, Handwerk Mittelstand und die Industrie. die Autoindustrie zum Beispiel. da schaffen wir das verbrennerverbot AB und f√∂rdern gleichzeitig E Mobilit√§t mit besserer Ladeinfrastruktur. das ist unser Plan f√ºr einen neuen wirtschaftsaufschwung, damit Deutschland wieder Spitze wird und nicht Schlusslicht. du willst auch, dass es mit Deutschland wieder bergaufgeht? teile dieses Video mit deinen Freunden und w√§hl die CSU. gemeinsam k√∂nnen wir Deutschland wieder stark machen!",W&F,CDU/CSU
"7,47015E+18","Der wirtschaftliche Abstieg in Deutschland hat ein Gesicht, Herr Bundeswirtschaftsminister! #politik #wirtschaft #deutschland #unternehmen #dobrindt #bundestag #bilanz #investitionen ",1739279465,"alle 3 Minuten gibt in Deutschland 1 Unternehmen auf. seit √ºber 2 Jahren flie√üen jede Woche 2 Milliarden Euro an Investitionen Aus Deutschland AB. von den 30 gr√∂√üten wirtschaftsnationen liegen wir beim Wachstum auf dem letzten Platz. nichts davon haben sie offensichtlich zur Kenntnis genommen. dagegen schreiben sie dann 1 Buch mit einem Titel, den Bach rauf, Herr Bundesminister, ich habe selten einen Buchtitel gesehen, der so wenig zum Autor und zur politischen Bilanz des Autos passt wie bei ihrem Buch dem Bach drauf. das Gegenteil ist doch schlichtweg der Fall. ich sehe auch ihre Plakate mit ihrem Gesicht und dem Wort Zuversicht darunter. ich frage sie, Herr Bundesminister, Kennen sie eigentlich textbildschere? haben sie davon schon mal etwas geh√∂rt? mit ihnen verbindet man nicht Zuversicht, mit ihnen verbindet man Abstieg von Deutschland. das ist ihre Bilanz.",W&F,CDU/CSU
"7,47014E+18",Die Ampelpolitik war eine permanente Politik gegen den gesunden Menschenverstand! #politik #migration #deutschland #bayern #dobrindt #ampel ,1739277863,"als sie die illegale immigration h√§tten stoppen m√ºssen, haben sie neue Anreize f√ºr Migration gesetzt. als sie die Energie h√§tten billiger machen m√ºssen, haben sie die Kernkraft abgeschaltet. als sie den Mittelstand h√§tten entlassen m√ºssen, haben sie die Belastungen schlichtweg erh√∂ht. die ampelpolitik war eine permanente Politik gegen den gesunden Menschen Verstand. und daraus entsteht zuerst Entt√§uschung √ºber die Politik, dann Entfremdung von der Politik, schlie√ülich Emp√∂rung √ºber die Politik. und diese Emp√∂rung hat auch Auswirkungen auf die Stimmung, zeigt sich auch in den Umfragen. und lieber Kollege M√ºtze nich, auch sie betonen hier st√§ndig, dass sie etwas gegen die AfD unternehmen wollen. ich glaube ihnen das ausdr√ºcklich. aber die Verdoppelung der AfD in den Umfragen ist doch das Werk genau ihrer Politik. es ist doch das Teufelswerk der Ampel, die die so gro√ü gemacht hat.
",M,CDU/CSU
"7,47013E+18",Klare Worte unseres Spitzenkandiaten Alexander Dobrindt im Bundestag: ‚ÄûDie B√ºrger in Deutschland wollen kein WEITER SO.‚Äú #politik #bundestag #deutschland #dobrindt #b√ºrger #bundeskanzler #regierung ,1739274578,"Herr Bundeskanzler, sie haben sich am Sonntag beim Kanzlerduell mit dem Satz verabschiedet, sie wollen, dass es in Deutschland stabil bleibt und weitergeht. was meinen sie denn eigentlich damit, dass es so weitergeht? das ist nach einem 3. Jahr der Rezession 1, 4. Jahr der Rezession geben soll, dass wir weiterhin auf hbx, gr√ºnes Wirtschaftswunder warten sollen. was meinen sie eigentlich damit? ist das ernsthaft ihr Gef√ºhl, dass die Menschen im Land wollen, dass es so weitergeht? dann fragen wir doch einfach mal die Leute, wollen die B√ºrger denn einfach weiterhin wirtschaftlichen Abstieg und wohlstandsverlust haben? die Antwort ist eindeutig, nein. wollen sie weiterhin Belastungen f√ºr Mittelstand und Mittelschicht haben? nein! wollen sie weiterhin eine migrationspolitik, die die illegale immigration nicht zur√ºckdr√§ngt? nein! und wollen sie eine Regierung, die ihnen 1. weiter so verspricht? nein. die B√ºrger wollen das nicht mehr. das weiter so.",W,CDU/CSU
"7,47011E+18","Briefwahl jetzt ‚Äì nutze die Chance, bequem von zu Hause aus f√ºr einen Regierungswechsel zu stimmen! Noch nie war es einfacher, Deine Stimme f√ºr ein starkes Bayern und ein starkes Deutschland abzugeben. csu.de/briefwahl #politik #bundestagswahl #csu #fyp #trend #treding #bayern",1739271061,"schnell! es wird h√∂chste Zeit! diese 5 supereinfachen to DOS musst du unbedingt machen, damit wir endlich einen Regierungswechsel bekommen. wie mit der Briefwahl. falls du ganz spontan w√§hlen willst, kannst du die Unterlagen auch direkt in deiner Gemeinde abholen und dort gleich w√§hlen. aber solange musst du das Haus gar nicht verlassen, denn so geht's Schritt f√ºr Schritt. beantrage deine Unterlage schnell und digital √ºber das Bayern Portal. einfach Postleitzahl eingeben, Heimatort ausw√§hlen, Kontaktdaten eingeben und beantragen. dann bekommst du alles bequem nach Hause geschickt. Stimmzettel ausf√ºllen und in den wei√üen Umschlag packen Wahlschein unterschreiben. super wichtig! alles in den roten R√ºckumschlag und AB die Post. aber Achtung, sp√§testens am 20.februar solltest du den Brief einwerfen, sonst wird's knapp. deine Stimme ist wichtig f√ºr den Politikwechsel. unser Programm ist klar, Migration begrenzen Wirtschaft f√∂rdern, Bundeswehr St√§rken. wenn du dabei bist, teile dieses Video, damit alle wissen, wie super leicht die Briefwahl ist. und vergiss nicht, am 23.februar beide Stimmen f√ºr die CSU!",W,CDU/CSU
"7,4701E+18",Einen echten Richtungswechsel gibt es nur mit der CSU.  Deshalb am 23. Februar oder jetzt schon per Briefwahl mit beiden Stimmen CSU w√§hlen! üó≥Ô∏èü´∞üèº #fyp #bundestagswahl #csu #richtungswechsel #w√§hlen #trending #trend,1739268455,,W,CDU/CSU
"7,46984E+18","Oh Olaf! Best oder eher worst Moments of Olaf #Scholz beim TV-Duell gegen Friedrich #Merz. Zweite Amtszeit? Nein, Danke! Am 23. Februar mit beiden Stimmen Union den #Politikwechsel w√§hlen üëè #bundestagswahl #tvduell #olafscholz #spd #friedrichmerz #union #cdu #csu #btw25 #politik #fy #fyp",1739206887,"wir wissen schon, dass sie da rein muss. sie k√∂nnen sie gerne die Frage beantworten, wenn sie das wollen. sie m√ºssen Antworten. dazu sind sie hier genau. schlechte Stimmung, da hat sie recht. deindustrialisierung hat sie nicht. ich lass Mir in dieser Sache von niemanden was sagen. ich bin der Politiker, der in Deutschland am meisten f√ºr harte Sanktionen im B√ºrgergeld und auch bei der fr√ºheren Grundsicherung steht. n√∂.
",W,CDU/CSU
"7,4698E+18",Jetzt schon per #Briefwahl: Beide Stimmen #CSU üî• #bundestagswahl #btw25 #union #deutschland #bayern #politik #politiktok #sound #trend #fy #fyp,1739197472,"hey Sarah, gehen wir eigentlich am Wochenende w√§hlen? n√∂, ich will jetzt haha.",W,CDU/CSU
"7,46973E+18","Die Ampel ist gescheitert - es ist jetzt Zeit f√ºr einen echten Politikwechsel! Wir werden die Migration begrenzen, die Wirtschaft ankurbeln und vor allem Deutschland wieder in Ordnung bringen. Deswegen am 23. Februar oder schon jetzt per Briefwahl mit beiden Stimmen CSU w√§hlen! #fyp #bundestagswahl #politik #csu #bayern #trending #trendforcasting",1739182422,,W,CDU/CSU
"7,47451E+18",Jetzt z√§hlt‚Äòs! Beide Stimmen #CSU ‚ùå‚ùå #bundestagswahl #deutschland #bayern #btw25 #union #csu #cdu #w√§hlen,1740295206,"ich den Lambo und dann machen wir hier im Haus richtig Rambo zambo. aber erst dann, aber erst dann, aber erst dann.
",W,CDU/CSU
"7,4743E+18","Klare Kante f√ºr #Deutschland! üá©üá™ Unser Spitzenkandidat zur Bundestagswahl, Alexander #Dobrindt, macht deutlich: Die B√ºrgerinnen und B√ºrger wollen einen echten #Politikwechsel ‚Äì statt ideologischer Wirtschafts- und Migrationspolitik setzen wir auf Vernunft und Verantwortung. #bzw2025",1740247173,"wollen denn die B√ºrger weiterhin wirtschaftlichen Abstieg und wohlstandsverlust in Deutschland? nein! wollen sie weiterhin ungel√∂ste, illegale migrationspolitik? nein! wollen sie weiterhin eine Regierung, die das weiter so verspricht? nein! wollen sie einen Politikwechsel in Deutschland? ja, darum geht es.
","W, W&F, M",CDU/CSU
"7,4743E+18",Das war unsere Schlusskundgebung zur #Bundestagswahl! In weniger als 24 Stunden ist die Ampelregierung endlich Geschichte! F√ºr uns ist klar: Wir werden #Deutschland wieder in #Ordnung bringen - deshalb morgen mit beiden Stimmen #CSU! #btw25 #politiktiktok #politikwechsel #richtungswechsel,1740245740,,W,CDU/CSU
"7,47389E+18","Zeit, dass sich was √§ndert! Deshalb am 23. Februar mit beiden Stimmen CSU w√§hlen! #btw25",1740150280,"Deutschlands Wirtschaft immer tiefer in der Krise. illegale Migration √ºberfordert Deutschland Bundeshaushalt steigende Schulden, fehlende Investitionen. heizungsgesetz kostet B√ºrger Milliarden. dieser Albtraum muss 1 Ende haben. Zeit, dass sich was √§ndert. deswegen am 23.februar mit beiden Stimmen CSU und √ºbrigens f√ºr alle die sich schon gefreut haben, Mein Kopf ist nicht wirklich explodiert, das war nur KI.",W&F,CDU/CSU
"7,47382E+18",Mit der Fr√ºhstartrente kannst du fr√ºh und einfach f√ºrs Alter vorsorgen. Unser Plan: 10‚Ç¨ vom Staat ‚Äì jeden Monat f√ºr deine Zukunft! Deshalb am Sonntag mit beiden Stimmen CSU w√§hlen! #bundestagswahl #csu #fyp #fy #trending #rente #trend,1740133400,"im Gegensatz zu Robert habik haben wir n Plan f√ºr deine private Altersvorsorge und deswegen f√ºhren wir die Fr√ºhst√ºck Rente 1. daf√ºr gibt der Staat jedem 6-18 Jahren 10 Euro pro Monat. f√ºr eine g√ºnstige aktienbasierte Altersvorsorge Zahlen bedeutet das, wenn du vom 18. Geburtstag bis zur Rente jeden Monat 100 Euro sparst, hast du zum Renteneintritt mit einer durchschnittlichen Wertentwicklung von 6 Prozent pro Jahr 1 sparverm√∂gen von 370.000 Euro. und so bauen wir eine starke, kapitalgedeckte Altersvorsorge f√ºr dich auf.",W&F,CDU/CSU
"7,4735E+18",Deutschland ist Autoland! F√ºr unsere Automobilindustrie als Leitindustrie braucht es unter anderem eine Abschaffung des Verbrenner-Verbots und eine neue E-Auto-F√∂rderung. #auto #mobilit√§t #autoindustrie #industrie #bayern #deutschkand #dobrindt #csu #eauto #verbrenner ,1740059461,"die Elektromobilit√§t, wir wollen sie auch, das steht bei uns im Programm, weiter f√∂rdern. wir wollen sie wieder neu f√∂rdern, nachdem die Ampel diese F√∂rderung aufgegeben hat, von heute auf morgen. und dann sind die, die Verk√§ufe der immobilit√§t der E Autos drastisch eingebrochen. 1. Punkt, wir werden das wieder st√§rker f√∂rdern. 2. Punkt, ja, es ist richtig, ich halte es f√ºr einen dramatischen Fehler, dass wir die Verbrennungsmotoren aufgeben in Europa. das ist 1 wesentlicher Teil, mit dem wir Wohlstand geschaffen haben. wir bauen die besten Autos der Welt und jetzt gehen wir dagegen vor, werden eine Technik nicht mehr weiterentwickeln. ich kann Ihnen sicher sagen, wenn unser Wohlstand der Preis ist f√ºr den Klimaschutz, werden wir niemanden auf der Welt finden, der das nachahmen wird. kein Mensch wird einen Klimaschutz machen, wenn bei uns daf√ºr der Wohlstand vor die Hunde geht. und deswegen, wir werden an der Stelle daf√ºr sorgen, dass auch bei Verbrennern mit synthetischen Kraftstoffen die CO 2 Einsparung kommt. das ist der richtige Weg.",W&F,CDU/CSU
"7,47349E+18",Unser CSU-Spitzenkandidat Alexander Dobrindt mit klaren Worten in der BR-Wahlarena: Wir m√ºssen die illegale Migration stoppen. #politik #migration #csu #bayern #deutschland #dobrindt ,1740057253,"die Integration ist der Schl√ºssel. aber die Integration kann nur gelingen, wenn die Zahlen beherrschbar sind. und das ist genau unser Problem. die √úberforderung unseres Landes ist eindeutig zu erkennen. das hei√üt, die Zahlen sind zu hoch und wir m√ºssen die Zahlen des Zuzugs reduzieren. wir unterscheiden nat√ºrlich zwischen legaler Zuwanderung und illegaler Zuwanderung. und damit wir uns da auch nicht falsch verstehen Deutschland ist 1 weltoffenes Land und Deutschland bleibt. 1 weltoffenes Land muss 1 weltoffenes Land bleiben. das wollen wir so. wir wollen aber die illegale Migration zur√ºckdr√§ngen. das muss in im Interesse aller der sein, die auch Integration in unserem Land mit f√∂rdern wollen.",M,CDU/CSU
"7,47347E+18","Wer ein starkes Bayern will, muss am 23. Februar CSU w√§hlen! Deshalb: Kein taktieren, kein splitten, beide Stimmen f√ºr die CSU! #BTW25",1740052971,,W,CDU/CSU
