hashtags,count
dielinke,78
deshalbdielinke,47
fyp,42
linke,37
nachderampellinks,36
foryourpage,24
btw25,18
noafd,17
bundestagswahl,11
btw2025,10
hamburg,10
links,10
fckafd,9
sozialegerechtigkeit,9
deswegendielinke,8
linkepolitik,8
btw,8
bundestag,7
ramelow,7
solidarit√§t,7
fy,7
miete,6
politik,6
erfurt,6
viraltiktok,5
wahl2025,5
wohnen,5
antifa,5
dielinkehamburg,5
bodo,5
weimar,5
gemeinsamstark,5
niewiederistjetzt,5
bodoramelow,5
dielinketh√ºringen,5
gerechtigkeit,4
afd,4
weimarerland,4
capcut,4
dielinketh,3
gerechtigkeitjetzt,3
2025,3
zusammenhalt,3
btwahl2025,3
bundestagswahl2025,3
siegen,3
th√ºringen,3
keinplatzf√ºrhass,3
keinestimmederafd,3
mietenrunterl√∂hnerauf,3
fdp,3
deutschland,3
merz,3
demokratie,3
mietendeckel,3
viral_video,3
wirsindf√ºreuchda,3
siegencity,3
musk,3
sachsenanhalt,3
antifaschismus,2
lokal,2
regional,2
lebensmittelpreise,2
aufstehengegenrechts,2
viraltiktokvideo,2
hamburgw√§hltlinks,2
berlin,2
stopptrechtehetze,2
klimaschutz,2
mietenwahnsinn,2
mieten,2
aktion,2
dielinkebrandenburg,2
gemeinsamgegenrassismus,2
duverdienstmehr,2
cduohneuns,2
cottbus,2
februar,2
dielinkehessen,2
mehrwertsteuer,2
silberlocken,2
b√ºrgerschaftswahl2025,2
leipzig,2
fightfascism,2
usaüá∫üá∏,2
gegenrechts,2
cdu,2
heidi,2
sozialismus,2
taxtherich,2
inflation,1
fcknzs,1
verm√∂gensteuer,1
161,1
dielinkelsa,1
b√ºrgerbeteiligung,1
fl√ºchtlingspolitik,1
missionsilberlocke,1
neumitglieder,1
like,1
teuer,1
b√ºrgerbegehren,1
einkauf,1
bremen,1
bildung,1
bremerhaven,1
frieden,1
kultur,1
hessen,1
tiktok,1
bartsch,1
bezahlkarte,1
cottbusundumgebung,1
b√ºrgerschaftwahl,1
hamburgw√§hlen,1
solidaritywillwin,1
dielinkehamgurg,1
pride,1
bildungf√ºralle,1
queer,1
mietenwahnsinnstoppen,1
b√ºrgerschaftswahl,1
klimastreik,1
eurestimmez√§hlt,1
gysi,1
sozialgerecht,1
sozialew√§rme,1
cumex,1
freefritze,1
brandenburg,1
hamburgw√§hlt,1
leavenoonebehind,1
klimaanpassung,1
keinmenschistillegal,1
hessengeld,1
teambodoramelow,1
gie√üen,1
lausitz,1
2302,1
w√§hlengehen,1
briefwahl,1
dielinkew√§hlen,1
janvanaken,1
nurmitlinks,1
stimmung,1
schuldenbremse,1
aufdiebarrikaden,1
pellmann,1
kindergrundsicherung,1
instapolitics,1
refugeeswelcome,1
millionaire,1
niewieder,1
spotify,1
wohnungmieten,1
dielinkeimbundestag,1
mietwucherrechner,1
wahlkampf,1
tiktokgermany,1
thinkglobalactlocal,1
siegenwittgenstein,1
kommunalpolitik,1
parteiarbeit,1
kreistag,1
politikvorort,1
linksaktiv,1
sachsen,1
freiheit,1
fairness,1
widerstand,1
dunkleseite,1
gleichheit,1
f√ºrdiemenschen,1
m√∂gediemachtmitunssein,1
mietwucher,1
bezahlbarerwohnraum,1
musik,1
wohnungsmarkt,1
wahl2024,1
energiepolitik,1
klima,1
klimapolitik,1
dortmund,1
sozial,1
wohnung,1
opposition,1
gerecht,1
mieter,1
kampagne,1
mietwohnung,1
linksfraktion,1
m√ºnchen,1
wohnungssuche,1
wohnungsnot,1
mietrecht,1
wohnraum,1
mieterh√∂hung,1
frauen,1
feminismus,1
widersetzen,1
lvv,1
rassismust√∂tet,1
f√ºrdiemenschennichtdiekonzerne,1
gregorgysi,1
heidireichinnek,1
preise,1
wahlalter16,1
karriere,1
viralvideos,1
wahlen,1
lebensmittel,1
viralditiktok,1
wahlen2025,1
armutbek√§mpfen,1
menschenvorprofit,1
women,1
steuern,1
klimaschutzjetzt,1
bezahlbareswohnen,1
√∂pnvausbauen,1
gr√ºne,1
spd,1
twitch,1
neuk√∂lln,1
ukraine,1
weihnachtszeit,1
wunschbaum,1
politikf√ºralle,1
wirsinddiebrandmauer,1
ComproDoPequeno,1
fussball,1
ejugendpolitik,1
wirsindmehr,1
verm√∂gen,1
buntstattbraun,1
keinplatzf√ºrnazis,1
nocdu,1
vielfaltfeiern,1
siegenbleibtbunt,1
immobilien,1
president,1
trump,1
gaspreise,1
